"variable";"area";"year";"scenario";"class";"ensemble_median";"IQR_min";"IQR_max";"boundary_baseline";"boundary_upper_end"
"dis";"global";1901;"obsclim_histsoc_default";"summed_deviations";0.140193696373173;0.129163373080993;0.163439600509236;0.103120271152472;0.129369214836191
"dis";"global";1902;"obsclim_histsoc_default";"summed_deviations";0.156879004130509;0.139404386128679;0.167024193695747;0.103120271152472;0.129369214836191
"dis";"global";1903;"obsclim_histsoc_default";"summed_deviations";0.144038714695381;0.140664039911789;0.156277066579548;0.103120271152472;0.129369214836191
"dis";"global";1904;"obsclim_histsoc_default";"summed_deviations";0.137224331826627;0.134309812891618;0.143702805719278;0.103120271152472;0.129369214836191
"dis";"global";1905;"obsclim_histsoc_default";"summed_deviations";0.143313413505164;0.138414434341049;0.145619675262817;0.103120271152472;0.129369214836191
"dis";"global";1906;"obsclim_histsoc_default";"summed_deviations";0.134806705487869;0.123244764647017;0.142011544772683;0.103120271152472;0.129369214836191
"dis";"global";1907;"obsclim_histsoc_default";"summed_deviations";0.1224527683836;0.118499048989258;0.138096610887787;0.103120271152472;0.129369214836191
"dis";"global";1908;"obsclim_histsoc_default";"summed_deviations";0.122515427063375;0.116818585546675;0.134946191220698;0.103120271152472;0.129369214836191
"dis";"global";1909;"obsclim_histsoc_default";"summed_deviations";0.133593829364625;0.123124669040778;0.137343441027209;0.103120271152472;0.129369214836191
"dis";"global";1910;"obsclim_histsoc_default";"summed_deviations";0.118720704734769;0.11465038865402;0.125926712887523;0.103120271152472;0.129369214836191
"dis";"global";1911;"obsclim_histsoc_default";"summed_deviations";0.122131100893114;0.1154451860866;0.128669158751457;0.103120271152472;0.129369214836191
"dis";"global";1912;"obsclim_histsoc_default";"summed_deviations";0.116470433174633;0.113503750659441;0.119537080337522;0.103120271152472;0.129369214836191
"dis";"global";1913;"obsclim_histsoc_default";"summed_deviations";0.110603555092159;0.105715860485659;0.11959342483971;0.103120271152472;0.129369214836191
"dis";"global";1914;"obsclim_histsoc_default";"summed_deviations";0.128368032847566;0.126594429266481;0.130550055497456;0.103120271152472;0.129369214836191
"dis";"global";1915;"obsclim_histsoc_default";"summed_deviations";0.144521612700354;0.139563429082145;0.152712997603904;0.103120271152472;0.129369214836191
"dis";"global";1916;"obsclim_histsoc_default";"summed_deviations";0.121920717320402;0.11763357055918;0.127431369680114;0.103120271152472;0.129369214836191
"dis";"global";1917;"obsclim_histsoc_default";"summed_deviations";0.135801840383578;0.131916485491105;0.141063731124575;0.103120271152472;0.129369214836191
"dis";"global";1918;"obsclim_histsoc_default";"summed_deviations";0.136238765124911;0.129121961223974;0.141744793592726;0.103120271152472;0.129369214836191
"dis";"global";1919;"obsclim_histsoc_default";"summed_deviations";0.129286352132224;0.114590708342733;0.134101966781151;0.103120271152472;0.129369214836191
"dis";"global";1920;"obsclim_histsoc_default";"summed_deviations";0.137803710377443;0.123150470739621;0.142339855955974;0.103120271152472;0.129369214836191
"dis";"global";1921;"obsclim_histsoc_default";"summed_deviations";0.135984363675736;0.130081503900996;0.139876490936725;0.103120271152472;0.129369214836191
"dis";"global";1922;"obsclim_histsoc_default";"summed_deviations";0.111777024569553;0.108842641452768;0.118588330747302;0.103120271152472;0.129369214836191
"dis";"global";1923;"obsclim_histsoc_default";"summed_deviations";0.120204209148423;0.116969550544767;0.124309143764483;0.103120271152472;0.129369214836191
"dis";"global";1924;"obsclim_histsoc_default";"summed_deviations";0.11131582378756;0.103249327525688;0.116309256140663;0.103120271152472;0.129369214836191
"dis";"global";1925;"obsclim_histsoc_default";"summed_deviations";0.115282766040146;0.113775884925314;0.118130346094607;0.103120271152472;0.129369214836191
"dis";"global";1926;"obsclim_histsoc_default";"summed_deviations";0.110096317204664;0.106115994356323;0.126754971894106;0.103120271152472;0.129369214836191
"dis";"global";1927;"obsclim_histsoc_default";"summed_deviations";0.110884516177687;0.108005458712027;0.114956132657782;0.103120271152472;0.129369214836191
"dis";"global";1928;"obsclim_histsoc_default";"summed_deviations";0.121368305605391;0.113660913830311;0.124033763951583;0.103120271152472;0.129369214836191
"dis";"global";1929;"obsclim_histsoc_default";"summed_deviations";0.117316603728488;0.113592045285032;0.125098282792319;0.103120271152472;0.129369214836191
"dis";"global";1930;"obsclim_histsoc_default";"summed_deviations";0.103443177615462;0.0943709934529219;0.123558665673551;0.103120271152472;0.129369214836191
"dis";"global";1931;"obsclim_histsoc_default";"summed_deviations";0.113757607748879;0.112962433094604;0.11563623099353;0.103120271152472;0.129369214836191
"dis";"global";1932;"obsclim_histsoc_default";"summed_deviations";0.115122314142952;0.111097376916005;0.118081706821407;0.103120271152472;0.129369214836191
"dis";"global";1933;"obsclim_histsoc_default";"summed_deviations";0.114348478346265;0.111918085608988;0.115721666568007;0.103120271152472;0.129369214836191
"dis";"global";1934;"obsclim_histsoc_default";"summed_deviations";0.117038937838655;0.109487239566785;0.121994070151217;0.103120271152472;0.129369214836191
"dis";"global";1935;"obsclim_histsoc_default";"summed_deviations";0.108093091184073;0.103465211141697;0.112242634187895;0.103120271152472;0.129369214836191
"dis";"global";1936;"obsclim_histsoc_default";"summed_deviations";0.112898341621293;0.110040260523879;0.117113813837161;0.103120271152472;0.129369214836191
"dis";"global";1937;"obsclim_histsoc_default";"summed_deviations";0.119234819427246;0.11653368079438;0.123950088115258;0.103120271152472;0.129369214836191
"dis";"global";1938;"obsclim_histsoc_default";"summed_deviations";0.135972906147411;0.122107267586937;0.147297142491966;0.103120271152472;0.129369214836191
"dis";"global";1939;"obsclim_histsoc_default";"summed_deviations";0.124911813186398;0.120236904305899;0.136914330781909;0.103120271152472;0.129369214836191
"dis";"global";1940;"obsclim_histsoc_default";"summed_deviations";0.137668413391123;0.126695056229112;0.15583877485877;0.103120271152472;0.129369214836191
"dis";"global";1941;"obsclim_histsoc_default";"summed_deviations";0.147966429978757;0.13363452536254;0.174559462710254;0.103120271152472;0.129369214836191
"dis";"global";1942;"obsclim_histsoc_default";"summed_deviations";0.131302820966391;0.122642920479905;0.148940767794545;0.103120271152472;0.129369214836191
"dis";"global";1943;"obsclim_histsoc_default";"summed_deviations";0.159986172076324;0.134562357705336;0.166985629939789;0.103120271152472;0.129369214836191
"dis";"global";1944;"obsclim_histsoc_default";"summed_deviations";0.152466058537426;0.141829727084702;0.172790535774584;0.103120271152472;0.129369214836191
"dis";"global";1945;"obsclim_histsoc_default";"summed_deviations";0.160079206278273;0.14622206242728;0.187823240809159;0.103120271152472;0.129369214836191
"dis";"global";1946;"obsclim_histsoc_default";"summed_deviations";0.145824626505854;0.127655710443533;0.160117791348284;0.103120271152472;0.129369214836191
"dis";"global";1947;"obsclim_histsoc_default";"summed_deviations";0.157279345772427;0.144509370515123;0.177424716287885;0.103120271152472;0.129369214836191
"dis";"global";1948;"obsclim_histsoc_default";"summed_deviations";0.119138791632726;0.116546702619895;0.131019097580127;0.103120271152472;0.129369214836191
"dis";"global";1949;"obsclim_histsoc_default";"summed_deviations";0.140760702824636;0.134494594610223;0.143797252128488;0.103120271152472;0.129369214836191
"dis";"global";1950;"obsclim_histsoc_default";"summed_deviations";0.141898690440846;0.135905805997146;0.148435602177284;0.103120271152472;0.129369214836191
"dis";"global";1951;"obsclim_histsoc_default";"summed_deviations";0.137166153937797;0.128752612554854;0.142159654169797;0.103120271152472;0.129369214836191
"dis";"global";1952;"obsclim_histsoc_default";"summed_deviations";0.125944852209458;0.122015716030686;0.13840830847534;0.103120271152472;0.129369214836191
"dis";"global";1953;"obsclim_histsoc_default";"summed_deviations";0.128999703334895;0.12516380547039;0.13458872474896;0.103120271152472;0.129369214836191
"dis";"global";1954;"obsclim_histsoc_default";"summed_deviations";0.144578428864915;0.132822572982377;0.16068255161836;0.103120271152472;0.129369214836191
"dis";"global";1955;"obsclim_histsoc_default";"summed_deviations";0.136196567405318;0.13043477960538;0.154180188215881;0.103120271152472;0.129369214836191
"dis";"global";1956;"obsclim_histsoc_default";"summed_deviations";0.14861047944759;0.142026670047237;0.171585497345389;0.103120271152472;0.129369214836191
"dis";"global";1957;"obsclim_histsoc_default";"summed_deviations";0.142520056554907;0.132355568854455;0.169424006763526;0.103120271152472;0.129369214836191
"dis";"global";1958;"obsclim_histsoc_default";"summed_deviations";0.136651590539499;0.12957426849561;0.151618165898926;0.103120271152472;0.129369214836191
"dis";"global";1959;"obsclim_histsoc_default";"summed_deviations";0.13543416322021;0.129799858053579;0.161781964554117;0.103120271152472;0.129369214836191
"dis";"global";1960;"obsclim_histsoc_default";"summed_deviations";0.133533887339757;0.12385480725993;0.153098890981455;0.103120271152472;0.129369214836191
"dis";"global";1961;"obsclim_histsoc_default";"summed_deviations";0.133973408349038;0.125409472909485;0.137293074543261;0.103120271152472;0.129369214836191
"dis";"global";1962;"obsclim_histsoc_default";"summed_deviations";0.138976683484924;0.135641660311829;0.154124684217412;0.103120271152472;0.129369214836191
"dis";"global";1963;"obsclim_histsoc_default";"summed_deviations";0.154801771177397;0.147945324779835;0.166912890961098;0.103120271152472;0.129369214836191
"dis";"global";1964;"obsclim_histsoc_default";"summed_deviations";0.156556210192932;0.138812358934963;0.178545606143629;0.103120271152472;0.129369214836191
"dis";"global";1965;"obsclim_histsoc_default";"summed_deviations";0.14759916106778;0.13675110679737;0.160681846006469;0.103120271152472;0.129369214836191
"dis";"global";1966;"obsclim_histsoc_default";"summed_deviations";0.148567823445622;0.14015407686838;0.174452154749471;0.103120271152472;0.129369214836191
"dis";"global";1967;"obsclim_histsoc_default";"summed_deviations";0.161272703668212;0.15203736116953;0.186454816729382;0.103120271152472;0.129369214836191
"dis";"global";1968;"obsclim_histsoc_default";"summed_deviations";0.154347119149332;0.145909584360568;0.177421493516526;0.103120271152472;0.129369214836191
"dis";"global";1969;"obsclim_histsoc_default";"summed_deviations";0.165205653996582;0.14113686878774;0.193078286627606;0.103120271152472;0.129369214836191
"dis";"global";1970;"obsclim_histsoc_default";"summed_deviations";0.164252883173491;0.136508271017232;0.183931583218803;0.103120271152472;0.129369214836191
"dis";"global";1971;"obsclim_histsoc_default";"summed_deviations";0.162921939353708;0.154229797200611;0.184109037833697;0.103120271152472;0.129369214836191
"dis";"global";1972;"obsclim_histsoc_default";"summed_deviations";0.172005504523464;0.161321595777323;0.196029746647658;0.103120271152472;0.129369214836191
"dis";"global";1973;"obsclim_histsoc_default";"summed_deviations";0.182547809808821;0.170302388856798;0.20541455227902;0.103120271152472;0.129369214836191
"dis";"global";1974;"obsclim_histsoc_default";"summed_deviations";0.192739098741;0.175409186347715;0.227081296803014;0.103120271152472;0.129369214836191
"dis";"global";1975;"obsclim_histsoc_default";"summed_deviations";0.171113845635643;0.155530528869704;0.216303409476135;0.103120271152472;0.129369214836191
"dis";"global";1976;"obsclim_histsoc_default";"summed_deviations";0.16939636482992;0.155611726460754;0.218499704104456;0.103120271152472;0.129369214836191
"dis";"global";1977;"obsclim_histsoc_default";"summed_deviations";0.173293027436905;0.157724500463857;0.220523702243096;0.103120271152472;0.129369214836191
"dis";"global";1978;"obsclim_histsoc_default";"summed_deviations";0.167304387295542;0.155913183582689;0.220965238810827;0.103120271152472;0.129369214836191
"dis";"global";1979;"obsclim_histsoc_default";"summed_deviations";0.172217107647064;0.15615924313028;0.227095328978646;0.103120271152472;0.129369214836191
"dis";"global";1980;"obsclim_histsoc_default";"summed_deviations";0.159422742726403;0.141710426838251;0.214541364346384;0.103120271152472;0.129369214836191
"dis";"global";1981;"obsclim_histsoc_default";"summed_deviations";0.173295592832956;0.157636030858092;0.236332815815449;0.103120271152472;0.129369214836191
"dis";"global";1982;"obsclim_histsoc_default";"summed_deviations";0.17032157509296;0.154662779709762;0.232727795709489;0.103120271152472;0.129369214836191
"dis";"global";1983;"obsclim_histsoc_default";"summed_deviations";0.212733454317075;0.192327619142082;0.264862342851786;0.103120271152472;0.129369214836191
"dis";"global";1984;"obsclim_histsoc_default";"summed_deviations";0.208191956814138;0.187811589440694;0.264561505684575;0.103120271152472;0.129369214836191
"dis";"global";1985;"obsclim_histsoc_default";"summed_deviations";0.190729466503137;0.16733740787658;0.240481882691774;0.103120271152472;0.129369214836191
"dis";"global";1986;"obsclim_histsoc_default";"summed_deviations";0.182441102940488;0.161988580575994;0.241855918207992;0.103120271152472;0.129369214836191
"dis";"global";1987;"obsclim_histsoc_default";"summed_deviations";0.171987251766882;0.157326009068009;0.226763597425181;0.103120271152472;0.129369214836191
"dis";"global";1988;"obsclim_histsoc_default";"summed_deviations";0.183702482993154;0.167479108972346;0.243527155478838;0.103120271152472;0.129369214836191
"dis";"global";1989;"obsclim_histsoc_default";"summed_deviations";0.189455757618781;0.167501198294942;0.246472135334963;0.103120271152472;0.129369214836191
"dis";"global";1990;"obsclim_histsoc_default";"summed_deviations";0.192538415925014;0.176935405106751;0.256904314134226;0.103120271152472;0.129369214836191
"dis";"global";1991;"obsclim_histsoc_default";"summed_deviations";0.175553007780557;0.161244043041388;0.241510738980309;0.103120271152472;0.129369214836191
"dis";"global";1992;"obsclim_histsoc_default";"summed_deviations";0.192936457372269;0.177327181041634;0.248328161792482;0.103120271152472;0.129369214836191
"dis";"global";1993;"obsclim_histsoc_default";"summed_deviations";0.182530888203355;0.165554159327919;0.248860376989105;0.103120271152472;0.129369214836191
"dis";"global";1994;"obsclim_histsoc_default";"summed_deviations";0.188991214246478;0.172993578209556;0.244174671032907;0.103120271152472;0.129369214836191
"dis";"global";1995;"obsclim_histsoc_default";"summed_deviations";0.183058391803702;0.167828938801873;0.241226688491402;0.103120271152472;0.129369214836191
"dis";"global";1996;"obsclim_histsoc_default";"summed_deviations";0.172665276198895;0.158250792599307;0.233245535223789;0.103120271152472;0.129369214836191
"dis";"global";1997;"obsclim_histsoc_default";"summed_deviations";0.202293608864525;0.185024922606617;0.260607153388157;0.103120271152472;0.129369214836191
"dis";"global";1998;"obsclim_histsoc_default";"summed_deviations";0.200107809675294;0.18911542250861;0.264104619167021;0.103120271152472;0.129369214836191
"dis";"global";1999;"obsclim_histsoc_default";"summed_deviations";0.192491812212905;0.181560302918283;0.245920326013982;0.103120271152472;0.129369214836191
"dis";"global";2000;"obsclim_histsoc_default";"summed_deviations";0.211120004805489;0.195039502663411;0.262475179154469;0.103120271152472;0.129369214836191
"dis";"global";2001;"obsclim_histsoc_default";"summed_deviations";0.205621341687072;0.185348847208934;0.264916980023083;0.103120271152472;0.129369214836191
"dis";"global";2002;"obsclim_histsoc_default";"summed_deviations";0.216061906423527;0.197513442731411;0.280081693605477;0.103120271152472;0.129369214836191
"dis";"global";2003;"obsclim_histsoc_default";"summed_deviations";0.199839264966916;0.175568085967091;0.266621469938292;0.103120271152472;0.129369214836191
"dis";"global";2004;"obsclim_histsoc_default";"summed_deviations";0.197976401034726;0.175302236593976;0.279087921957354;0.103120271152472;0.129369214836191
"dis";"global";2005;"obsclim_histsoc_default";"summed_deviations";0.203132931917602;0.181711736111654;0.288193316452288;0.103120271152472;0.129369214836191
"dis";"global";2006;"obsclim_histsoc_default";"summed_deviations";0.227388376904479;0.195320693896003;0.311031670097744;0.103120271152472;0.129369214836191
"dis";"global";2007;"obsclim_histsoc_default";"summed_deviations";0.218987707587098;0.198449188124955;0.303262833096962;0.103120271152472;0.129369214836191
"dis";"global";2008;"obsclim_histsoc_default";"summed_deviations";0.223773696738679;0.194799326124288;0.304414726686806;0.103120271152472;0.129369214836191
"dis";"global";2009;"obsclim_histsoc_default";"summed_deviations";0.230585172213716;0.198128538536502;0.324944625192571;0.103120271152472;0.129369214836191
"dis";"global";2010;"obsclim_histsoc_default";"summed_deviations";0.225602060449607;0.197514807670217;0.315437952546515;0.103120271152472;0.129369214836191
"dis";"global";2011;"obsclim_histsoc_default";"summed_deviations";0.237669311090944;0.20189616161822;0.322531670107203;0.103120271152472;0.129369214836191
"dis";"global";2012;"obsclim_histsoc_default";"summed_deviations";0.220001640883129;0.185273413607953;0.306129822709779;0.103120271152472;0.129369214836191
"dis";"global";2013;"obsclim_histsoc_default";"summed_deviations";0.216853512812889;0.187040959213863;0.295264075898383;0.103120271152472;0.129369214836191
"dis";"global";2014;"obsclim_histsoc_default";"summed_deviations";0.21722084095338;0.191625077100308;0.298343470864036;0.103120271152472;0.129369214836191
"dis";"global";2015;"obsclim_histsoc_default";"summed_deviations";0.232204918361614;0.206769703111423;0.312470073406186;0.103120271152472;0.129369214836191
"dis";"global";2016;"obsclim_histsoc_default";"summed_deviations";0.23814282849173;0.210520963310426;0.318820954574599;0.103120271152472;0.129369214836191
"dis";"global";2017;"obsclim_histsoc_default";"summed_deviations";0.224923570087647;0.192107691799534;0.311336472542778;0.103120271152472;0.129369214836191
"dis";"global";2018;"obsclim_histsoc_default";"summed_deviations";0.222117403513173;0.187069086370997;0.306310077209428;0.103120271152472;0.129369214836191
"dis";"global";2019;"obsclim_histsoc_default";"summed_deviations";0.228374699767961;0.195545998233646;0.314432584019097;0.103120271152472;0.129369214836191
