"area","year","class","ensemble_median","IQR_min","IQR_max"
"global",1691,"summed_deviations",0.100388329755811,0.0890439121376136,0.10491163957806
"global",1692,"summed_deviations",0.0876808044030326,0.0821681591165277,0.0979885836118906
"global",1693,"summed_deviations",0.0850500451646036,0.0800081584607427,0.093791274274352
"global",1694,"summed_deviations",0.0923314876309683,0.080975565360323,0.111265274242515
"global",1695,"summed_deviations",0.0955615240070068,0.0900397871541171,0.10357788604322
"global",1696,"summed_deviations",0.106113069427125,0.0956301526199271,0.119168948079375
"global",1697,"summed_deviations",0.101949004669168,0.0910441420984171,0.110650694410004
"global",1698,"summed_deviations",0.0920441213198907,0.0883955893079125,0.10080911576751
"global",1699,"summed_deviations",0.0972312623172889,0.0906070078580573,0.107132654894594
"global",1700,"summed_deviations",0.0934084084724342,0.0830366824837742,0.0990051429927154
"global",1701,"summed_deviations",0.0945602070771225,0.0881711427427422,0.100142555275465
"global",1702,"summed_deviations",0.0866452672317573,0.079269508954881,0.0959345244056573
"global",1703,"summed_deviations",0.0850345468448948,0.0798411274540554,0.0939321285699977
"global",1704,"summed_deviations",0.094594650854615,0.089705828174505,0.0991276453459349
"global",1705,"summed_deviations",0.100262287318125,0.0826358274790688,0.11414358861071
"global",1706,"summed_deviations",0.0857563651414366,0.0831902129386967,0.0886136367751709
"global",1707,"summed_deviations",0.0963344612907425,0.0893457941538868,0.103172428313784
"global",1708,"summed_deviations",0.0917991435932187,0.0881558778126383,0.101283495319302
"global",1709,"summed_deviations",0.100054577804128,0.0948104088957535,0.10453600362762
"global",1710,"summed_deviations",0.0973264993194583,0.0885287810001069,0.10280484888315
"global",1711,"summed_deviations",0.0872378315925683,0.0792723363431193,0.101856413001699
"global",1712,"summed_deviations",0.0925390951342298,0.0842025810115349,0.103414546552999
"global",1713,"summed_deviations",0.0898461681393143,0.0830409543673866,0.0963795706382017
"global",1714,"summed_deviations",0.096702557379976,0.090767784217926,0.102640423997062
"global",1715,"summed_deviations",0.107061108117547,0.0987891533308302,0.116234024445945
"global",1716,"summed_deviations",0.0966447494427368,0.0903105238947779,0.107397713627199
"global",1717,"summed_deviations",0.0909854216324676,0.0818587659646264,0.109908888849624
"global",1718,"summed_deviations",0.0928189548473366,0.0723426745110751,0.102530152782944
"global",1719,"summed_deviations",0.0892222649040142,0.0796463106108578,0.0935944476083395
"global",1720,"summed_deviations",0.0905729574464605,0.0824558639200386,0.104550683154962
"global",1721,"summed_deviations",0.0946990072399838,0.085731471458854,0.102328578950542
"global",1722,"summed_deviations",0.0949717358504924,0.0814472457534112,0.101852031909013
"global",1723,"summed_deviations",0.0976561617513366,0.0925201462361139,0.103417972061613
"global",1724,"summed_deviations",0.0929764535486902,0.0865240448097123,0.095983178019595
"global",1725,"summed_deviations",0.0965848614718646,0.0937773290368136,0.10187393238181
"global",1726,"summed_deviations",0.0949311527982157,0.0871070263863422,0.101582727454685
"global",1727,"summed_deviations",0.0939839178112202,0.0888476704265058,0.101904201612007
"global",1728,"summed_deviations",0.0856227865591743,0.0802411777157952,0.0894617995467843
"global",1729,"summed_deviations",0.0929299176063186,0.0808122842815145,0.0996317750855346
"global",1730,"summed_deviations",0.0889491284884047,0.0755154749451742,0.0953877425800378
"global",1731,"summed_deviations",0.0814144377591481,0.073003447743202,0.0874867976528175
"global",1732,"summed_deviations",0.0829221829986956,0.0763548228904323,0.0892967429110635
"global",1733,"summed_deviations",0.0937585894685361,0.0831027080614155,0.0973062445776082
"global",1734,"summed_deviations",0.0891386402948594,0.0823781019770677,0.0979983373566116
"global",1735,"summed_deviations",0.085609140342423,0.0813454479522399,0.0939736827977534
"global",1736,"summed_deviations",0.0931902606487062,0.084395121112527,0.100574472574867
"global",1737,"summed_deviations",0.0959580631910675,0.0889405221589521,0.12879570269357
"global",1738,"summed_deviations",0.0870733973514642,0.0801958384232202,0.103406349794439
"global",1739,"summed_deviations",0.0913837734933272,0.0875988262688824,0.098173825357882
"global",1740,"summed_deviations",0.0880666544425917,0.0836734373520078,0.0956210092811491
"global",1741,"summed_deviations",0.0842273870928246,0.0810829063860212,0.0896583814972269
"global",1742,"summed_deviations",0.0863850856237878,0.0819042753796504,0.0920322680759197
"global",1743,"summed_deviations",0.0961292531584798,0.0784541730798224,0.102333715528258
"global",1744,"summed_deviations",0.0987889671106448,0.0890697122674024,0.110493073219237
"global",1745,"summed_deviations",0.0947218378987634,0.0855121272846394,0.0989685023406208
"global",1746,"summed_deviations",0.0913267439589086,0.0827898285257545,0.0993989825633874
"global",1747,"summed_deviations",0.0858075000601805,0.0800301095202672,0.0950866857684742
"global",1748,"summed_deviations",0.0844747254448512,0.0776105896428211,0.0985545879527828
"global",1749,"summed_deviations",0.0936661263263538,0.0759647417728494,0.101500738988444
"global",1750,"summed_deviations",0.0869437221927356,0.0803773609620863,0.0927404135967194
"global",1751,"summed_deviations",0.0971451677104701,0.0895837693258306,0.118018600838673
"global",1752,"summed_deviations",0.0956208782947149,0.083829901570022,0.113454095605187
"global",1753,"summed_deviations",0.0973155124359303,0.0890634637889125,0.103523837986895
"global",1754,"summed_deviations",0.0956991746011346,0.084086270332117,0.107633007370004
"global",1755,"summed_deviations",0.0981397074886297,0.0909316436081243,0.105502931686638
"global",1756,"summed_deviations",0.0909966170038971,0.0837780784373954,0.11316204400202
"global",1757,"summed_deviations",0.107512077661373,0.0967882626467411,0.114680921069667
"global",1758,"summed_deviations",0.109630662740772,0.0948693040238583,0.11805877277781
"global",1759,"summed_deviations",0.0989392715361983,0.0892623370726339,0.104438079561492
"global",1760,"summed_deviations",0.091358314895439,0.0771028759632671,0.105849887340075
"global",1761,"summed_deviations",0.0848453327508858,0.0788198702101472,0.0915055866322368
"global",1762,"summed_deviations",0.0975965926445471,0.0886111737748146,0.106623146428566
"global",1763,"summed_deviations",0.100437814424631,0.0862814375474022,0.105226679952436
"global",1764,"summed_deviations",0.0943798818996373,0.0808731666994542,0.100237260397068
"global",1765,"summed_deviations",0.0928180502267457,0.0781971698518125,0.0981805693333578
"global",1766,"summed_deviations",0.0876746621730055,0.0802695412237424,0.101208477754221
"global",1767,"summed_deviations",0.0951961373203537,0.0829882706570305,0.106749316241343
"global",1768,"summed_deviations",0.093134022816764,0.0845287966547363,0.11049584227867
"global",1769,"summed_deviations",0.0914906247414662,0.0799817921768975,0.106014882400205
"global",1770,"summed_deviations",0.0862024502639369,0.0782819660997118,0.0982824739495363
"global",1771,"summed_deviations",0.090523621782513,0.0869178162652434,0.0951024220862595
"global",1772,"summed_deviations",0.0867199304979136,0.0826050262478434,0.0940654705765974
"global",1773,"summed_deviations",0.0887046079624249,0.0824910305947918,0.0929356150370921
"global",1774,"summed_deviations",0.0890323590978515,0.0828064250320545,0.0972208421780466
"global",1775,"summed_deviations",0.0847115062382499,0.0764734183056636,0.0914304682884972
"global",1776,"summed_deviations",0.0841711535996101,0.0766839167872791,0.096966430235909
"global",1777,"summed_deviations",0.0901208644275646,0.077746895441572,0.102232236166438
"global",1778,"summed_deviations",0.0978843668848568,0.084317495172079,0.106474284379111
"global",1779,"summed_deviations",0.0872225348246387,0.0827601107241328,0.0933687213621565
"global",1780,"summed_deviations",0.0963501111445238,0.0920776487355015,0.102343515241806
"global",1781,"summed_deviations",0.0857338718544676,0.0801273509591552,0.0983143953540286
"global",1782,"summed_deviations",0.0899986536733963,0.0734136189320033,0.100216526344108
"global",1783,"summed_deviations",0.0791482410644475,0.067909007384628,0.0873000071302869
"global",1784,"summed_deviations",0.0869173056874648,0.0784230365192274,0.0911351829358432
"global",1785,"summed_deviations",0.0968451905308454,0.0842606687333982,0.101185500708632
"global",1786,"summed_deviations",0.0973308964238181,0.0946472545714623,0.101322498651859
"global",1787,"summed_deviations",0.0881190230870768,0.0817723852149921,0.0938997300949089
"global",1788,"summed_deviations",0.0968603663714633,0.0903519022408893,0.103886429421677
"global",1789,"summed_deviations",0.098677596593583,0.0903758116124438,0.104124814674633
"global",1790,"summed_deviations",0.101824522528765,0.0874173065802506,0.109175067967409
"global",1791,"summed_deviations",0.0936792278278108,0.0858457085414534,0.101826618301717
"global",1792,"summed_deviations",0.091327665154925,0.0821906973703497,0.0962376558578373
"global",1793,"summed_deviations",0.0894564439155011,0.0860285803534021,0.0957479387946585
"global",1794,"summed_deviations",0.0995637623348596,0.0933441360365667,0.10771082222417
"global",1795,"summed_deviations",0.0980493634593509,0.0838224407503229,0.107776217019435
"global",1796,"summed_deviations",0.0926900748170125,0.0900236204874034,0.108094062799121
"global",1797,"summed_deviations",0.0932391094537725,0.0884266210471417,0.109394631508578
"global",1798,"summed_deviations",0.0865841781405267,0.0812538116293046,0.0926454521156804
"global",1799,"summed_deviations",0.0872726656630574,0.0818228481202204,0.102306356703629
"global",1800,"summed_deviations",0.0956604763087175,0.0863236702039185,0.100699513138495
"global",1801,"summed_deviations",0.0909750245058269,0.0847989423402989,0.105942606862426
"global",1802,"summed_deviations",0.0921502676705198,0.0868869569736416,0.100506199561479
"global",1803,"summed_deviations",0.0937257595226714,0.089430023158279,0.102771892949252
"global",1804,"summed_deviations",0.0963291366621942,0.0914186616779366,0.117055461058507
"global",1805,"summed_deviations",0.0862913511521824,0.0810823507942962,0.0980071465877002
"global",1806,"summed_deviations",0.0981101392636752,0.0873978206671323,0.102055301891313
"global",1807,"summed_deviations",0.0926040771821493,0.084895780495123,0.0991167674187145
"global",1808,"summed_deviations",0.0987425996280771,0.0929971717168046,0.103980180898509
"global",1809,"summed_deviations",0.100722137280549,0.0934834374290749,0.11458408894363
"global",1810,"summed_deviations",0.101187100546209,0.0912724299434022,0.120517752717493
"global",1811,"summed_deviations",0.0840169218763023,0.0786831215684982,0.089070009893999
"global",1812,"summed_deviations",0.0945099412048431,0.0898462356367422,0.100543021006708
"global",1813,"summed_deviations",0.0899115210166718,0.0833958421809082,0.0986279856079037
"global",1814,"summed_deviations",0.0911831289506368,0.0837141680628294,0.0949543170225604
"global",1815,"summed_deviations",0.0882831295953056,0.0787831507433206,0.0972945502171901
"global",1816,"summed_deviations",0.0975957517187345,0.0868444202318066,0.101211020696319
"global",1817,"summed_deviations",0.0899395753503005,0.0793074932512636,0.0994933006900491
"global",1818,"summed_deviations",0.0888743791362799,0.0838227598241993,0.0933352938878891
"global",1819,"summed_deviations",0.0979426605642488,0.0885550943510835,0.103771404296905
"global",1820,"summed_deviations",0.10190794039872,0.0830956456852902,0.107196960822232
"global",1821,"summed_deviations",0.109670884202638,0.102034570412078,0.115791006991278
"global",1822,"summed_deviations",0.100731713909215,0.0924559609662177,0.107349336839044
"global",1823,"summed_deviations",0.0956357372715647,0.0888479947070275,0.10328846036341
"global",1824,"summed_deviations",0.0961546168172529,0.0935299610887332,0.0997152145287478
"global",1825,"summed_deviations",0.0940500134917777,0.0870769893651997,0.119827567155103
"global",1826,"summed_deviations",0.0954013456211231,0.0860917749706977,0.113598663897644
"global",1827,"summed_deviations",0.095114775871676,0.0883968590220539,0.104531363672843
"global",1828,"summed_deviations",0.0946196777400602,0.0843827810677443,0.0989004135250456
"global",1829,"summed_deviations",0.091064740447404,0.0869423242946752,0.0981850402599514
"global",1830,"summed_deviations",0.0970933700952749,0.0916033858773737,0.108759637004711
"global",1831,"summed_deviations",0.0911190486044153,0.0850495764025545,0.0985735906867472
"global",1832,"summed_deviations",0.0905823970561203,0.0819189186116255,0.097048496833823
"global",1833,"summed_deviations",0.0859313787284051,0.0807990821505336,0.08891872176232
"global",1834,"summed_deviations",0.0890877838887247,0.0786452595458181,0.0930251748783616
"global",1835,"summed_deviations",0.0949646828451076,0.0840912079881461,0.106274061552675
"global",1836,"summed_deviations",0.100691293658903,0.0922328248066958,0.110978800829695
"global",1837,"summed_deviations",0.0956681637363917,0.0920102268200612,0.0979487042931394
"global",1838,"summed_deviations",0.0857471016654013,0.078326542408056,0.0899787484400167
"global",1839,"summed_deviations",0.0923306293128432,0.0889100797755644,0.0972634347133879
"global",1840,"summed_deviations",0.0992103441806393,0.0900122390930635,0.115198935836155
"global",1841,"summed_deviations",0.0955021146571178,0.0891416704077763,0.105794460823568
"global",1842,"summed_deviations",0.101028960927425,0.0752333592927113,0.107220627271608
"global",1843,"summed_deviations",0.0819840117015891,0.0755683305017803,0.0895794490372728
"global",1844,"summed_deviations",0.0972119802621846,0.0922252343352828,0.110114427736525
"global",1845,"summed_deviations",0.0971942791613005,0.0890152941646911,0.105858711904676
"global",1846,"summed_deviations",0.100631612931931,0.0914668766217555,0.113767200232923
"global",1847,"summed_deviations",0.0998861128471036,0.0931088135763262,0.113307918970289
"global",1848,"summed_deviations",0.0933397239813574,0.0902556136790795,0.114751566526151
"global",1849,"summed_deviations",0.094473875238452,0.0848612707457531,0.112471592828766
"global",1850,"summed_deviations",0.0910270227962878,0.0798759773431475,0.110261955583769
"global",1851,"summed_deviations",0.099005118430534,0.087117297906828,0.108112564425316
"global",1852,"summed_deviations",0.091133123551976,0.0767033767553813,0.105427466373166
"global",1853,"summed_deviations",0.0957089862421861,0.0827332540692261,0.104172389333632
"global",1854,"summed_deviations",0.105401416624915,0.0899587710356706,0.130975217401347
"global",1855,"summed_deviations",0.103736345417084,0.092829039010855,0.116976731358646
"global",1856,"summed_deviations",0.0985987700407778,0.0938610996578789,0.116064110470462
"global",1857,"summed_deviations",0.100902753907665,0.0936812594875496,0.109544620573905
"global",1858,"summed_deviations",0.0993181871150453,0.0863848614589632,0.104575727399061
"global",1859,"summed_deviations",0.105107131875597,0.0975236919031947,0.114761863916543
"global",1860,"summed_deviations",0.0937137421745626,0.0849993755845525,0.0976294558462199
"global",1861,"summed_deviations",0.12266573261015,0.0932591503723295,0.222636211120527
"global",1862,"summed_deviations",0.116276894014482,0.0896186240103786,0.210652297724278
"global",1863,"summed_deviations",0.12971860475889,0.0896069016003768,0.191098769855555
"global",1864,"summed_deviations",0.114388583628379,0.0902406291456044,0.172657858893477
"global",1865,"summed_deviations",0.122554319578589,0.0972661170035595,0.17474596855193
"global",1866,"summed_deviations",0.110374733278942,0.0963148523957007,0.158820750306722
"global",1867,"summed_deviations",0.106859612689936,0.0936141273047902,0.143708966525338
"global",1868,"summed_deviations",0.105935953780992,0.0959393985960826,0.142327740047928
"global",1869,"summed_deviations",0.117133355226691,0.0891786457870523,0.139664967574228
"global",1870,"summed_deviations",0.100684684058655,0.0880930799154394,0.138580866017595
"global",1871,"summed_deviations",0.0941243617795016,0.0865194089808162,0.130514426847623
"global",1872,"summed_deviations",0.103732120494461,0.0899490485166305,0.128468675674795
"global",1873,"summed_deviations",0.10379122271547,0.0807872425585382,0.122386334656083
"global",1874,"summed_deviations",0.107400761868537,0.0998528010546223,0.127322804726939
"global",1875,"summed_deviations",0.112054544396686,0.0890576634528154,0.131063671850255
"global",1876,"summed_deviations",0.0902370686032759,0.0806734481926163,0.10935310959319
"global",1877,"summed_deviations",0.101650347384522,0.0860645898646725,0.109054956967937
"global",1878,"summed_deviations",0.100381733552123,0.0885688890495289,0.113205414632612
"global",1879,"summed_deviations",0.0953046286725811,0.0892240452059155,0.105637969853213
"global",1880,"summed_deviations",0.0957729170504136,0.0881924494487158,0.113223304518747
"global",1881,"summed_deviations",0.0951957806477652,0.0866344851038504,0.104594275838554
"global",1882,"summed_deviations",0.090430973403194,0.0834741283366498,0.101999216328079
"global",1883,"summed_deviations",0.10188702754912,0.0986444443953358,0.112763851981444
"global",1884,"summed_deviations",0.11042680910795,0.100062144574051,0.118294472732081
"global",1885,"summed_deviations",0.0961047733493297,0.086471416637855,0.106125215964648
"global",1886,"summed_deviations",0.0936772082215925,0.0823336875437617,0.104528725024393
"global",1887,"summed_deviations",0.0941933920877289,0.0806772905811764,0.100146276971144
"global",1888,"summed_deviations",0.0903605587752054,0.0786951876295709,0.100448929542822
"global",1889,"summed_deviations",0.0966310686284208,0.0815044601597006,0.108037702578706
"global",1890,"summed_deviations",0.101843916771003,0.0906295945040791,0.110784625637657
"global",1891,"summed_deviations",0.107667319660408,0.0950331871782408,0.116724373730495
"global",1892,"summed_deviations",0.103358599698336,0.0860984558038219,0.109210424890362
"global",1893,"summed_deviations",0.0943812971842784,0.0791749994027378,0.104691796785566
"global",1894,"summed_deviations",0.0895373034291874,0.0802731019457151,0.0938854542647548
"global",1895,"summed_deviations",0.104000686472772,0.0888207060217229,0.107423682815757
"global",1896,"summed_deviations",0.110234766643172,0.102319933929664,0.127809638665931
"global",1897,"summed_deviations",0.102151068429191,0.0898027279132592,0.115251352608334
"global",1898,"summed_deviations",0.102398865811605,0.0877637393324236,0.116118520726905
"global",1899,"summed_deviations",0.0941676706717599,0.0836026556237009,0.105390554409693
"global",1900,"summed_deviations",0.100167694702979,0.090718652888894,0.108333356582494
"global",1901,"summed_deviations",0.105459816170623,0.0971484966696187,0.113643632065549
"global",1902,"summed_deviations",0.10255946960282,0.0905493667619708,0.12113002670433
"global",1903,"summed_deviations",0.101970432603692,0.0924806023133081,0.114942322909804
"global",1904,"summed_deviations",0.0945773651008429,0.0850703334187128,0.105754453435125
"global",1905,"summed_deviations",0.107803824172794,0.0933065431268808,0.113861822162288
"global",1906,"summed_deviations",0.112452168135291,0.101874454555318,0.131371021476128
"global",1907,"summed_deviations",0.108713032194249,0.095379304211438,0.115690940132971
"global",1908,"summed_deviations",0.0937102593329368,0.0788313824532659,0.107170622343013
"global",1909,"summed_deviations",0.0999780506891269,0.0862527298538257,0.115869344559052
"global",1910,"summed_deviations",0.0998366566414983,0.0901393475935836,0.115000405958785
"global",1911,"summed_deviations",0.110628735234628,0.0964416820971945,0.120164253832178
"global",1912,"summed_deviations",0.112085014751057,0.0995880143867559,0.128339465154885
"global",1913,"summed_deviations",0.11222721213721,0.096875108210509,0.123779483465949
"global",1914,"summed_deviations",0.107018905402311,0.0946615115140128,0.124039222967904
"global",1915,"summed_deviations",0.10974805062878,0.0943265495607949,0.128292830783096
"global",1916,"summed_deviations",0.112424474044701,0.0930232957056021,0.128326203277518
"global",1917,"summed_deviations",0.110220807836737,0.0921905900453347,0.131052147056868
"global",1918,"summed_deviations",0.105988875807592,0.0959726625559214,0.124581687771703
"global",1919,"summed_deviations",0.106280957420849,0.0928012652386138,0.120644653187071
"global",1920,"summed_deviations",0.111427852697743,0.0937395896314383,0.125041290499507
"global",1921,"summed_deviations",0.121801468121805,0.0990474444269947,0.129947651257212
"global",1922,"summed_deviations",0.127401957565241,0.105887984091275,0.140128134997787
"global",1923,"summed_deviations",0.118862328240147,0.0986633023038756,0.134763143591934
"global",1924,"summed_deviations",0.104995648818599,0.0853936340000767,0.121139499012187
"global",1925,"summed_deviations",0.118405939169931,0.0955619308196386,0.127651435381412
"global",1926,"summed_deviations",0.125241508341065,0.105426911322387,0.133887246671692
"global",1927,"summed_deviations",0.119372645456281,0.103373671990356,0.133014502434767
"global",1928,"summed_deviations",0.115137756629253,0.102595367320159,0.128822436893078
"global",1929,"summed_deviations",0.129532942021774,0.112135460166979,0.144050938661057
"global",1930,"summed_deviations",0.127316855200012,0.106393481415419,0.14252456109237
"global",1931,"summed_deviations",0.130464875408146,0.105384779890499,0.145436662855634
"global",1932,"summed_deviations",0.131047646096053,0.111577275314348,0.143076621784628
"global",1933,"summed_deviations",0.12830510101629,0.107707070590438,0.154926595634852
"global",1934,"summed_deviations",0.129668716868207,0.109190358422342,0.144569960533406
"global",1935,"summed_deviations",0.133775477030163,0.110464262174821,0.141245538990833
"global",1936,"summed_deviations",0.139197382975819,0.114175874669892,0.157523715069573
"global",1937,"summed_deviations",0.124930101963324,0.107541146770828,0.149184828015746
"global",1938,"summed_deviations",0.122118778497581,0.103727552158764,0.140225557575413
"global",1939,"summed_deviations",0.12869665342462,0.110507830694195,0.140051679267493
"global",1940,"summed_deviations",0.113471847927378,0.0963305560766327,0.132264054288667
"global",1941,"summed_deviations",0.118866088743585,0.100700327509581,0.135542419805913
"global",1942,"summed_deviations",0.126962438310552,0.107553199544973,0.139018037598478
"global",1943,"summed_deviations",0.126686234019984,0.109393208660073,0.14475071105963
"global",1944,"summed_deviations",0.131496950642436,0.108889318102817,0.143737021178736
"global",1945,"summed_deviations",0.132068339235993,0.109920988708861,0.148046158358336
"global",1946,"summed_deviations",0.1209587443509,0.107337911832199,0.145144290150679
"global",1947,"summed_deviations",0.138471591806453,0.108595727140805,0.154162275692086
"global",1948,"summed_deviations",0.13086098194766,0.10701178201682,0.144843503078075
"global",1949,"summed_deviations",0.126910814914852,0.10240096017214,0.141851604395171
"global",1950,"summed_deviations",0.125817040815029,0.101479357585063,0.137212014453001
"global",1951,"summed_deviations",0.139125471050429,0.117652312147164,0.155785143220249
"global",1952,"summed_deviations",0.144556064062451,0.112003921429308,0.164676438712599
"global",1953,"summed_deviations",0.125536023702419,0.108152560471508,0.150694512421607
"global",1954,"summed_deviations",0.130936339057424,0.1066408679426,0.152569106844567
"global",1955,"summed_deviations",0.145369971444818,0.113469972554529,0.156277060591436
"global",1956,"summed_deviations",0.143457070786419,0.116010383451391,0.160647409633113
"global",1957,"summed_deviations",0.140463066469718,0.118668457145503,0.159037800383425
"global",1958,"summed_deviations",0.130540466062192,0.107673392953707,0.146490807779391
"global",1959,"summed_deviations",0.143432248887662,0.117182798685028,0.160792339815955
"global",1960,"summed_deviations",0.151299305396672,0.130494051361639,0.177066439607327
"global",1961,"summed_deviations",0.147090337948843,0.127466097620493,0.164423491832373
"global",1962,"summed_deviations",0.131437424428894,0.106492851007361,0.161084325264778
"global",1963,"summed_deviations",0.139637085273747,0.115556495031434,0.155819086584991
"global",1964,"summed_deviations",0.132071351658263,0.104373266108951,0.145959662025785
"global",1965,"summed_deviations",0.14008221636475,0.110699941937148,0.154379489794282
"global",1966,"summed_deviations",0.158275963728481,0.123558068922431,0.172098065097474
"global",1967,"summed_deviations",0.139017968990351,0.116401511537711,0.157268026959015
"global",1968,"summed_deviations",0.139321284185843,0.108400716680405,0.153814222881254
"global",1969,"summed_deviations",0.131749515681751,0.101479251069183,0.147725888848238
"global",1970,"summed_deviations",0.138007363343294,0.113322601298538,0.157643001299977
"global",1971,"summed_deviations",0.136390290040571,0.11514432074247,0.162272496178177
"global",1972,"summed_deviations",0.136913639299542,0.109267182011172,0.164642551867749
"global",1973,"summed_deviations",0.142940122896235,0.118956203060228,0.170143258161039
"global",1974,"summed_deviations",0.145418608839528,0.113268687995254,0.158565752517936
"global",1975,"summed_deviations",0.158303797225774,0.12581499508323,0.17695705541505
"global",1976,"summed_deviations",0.166914954749319,0.136303086262664,0.199828840427254
"global",1977,"summed_deviations",0.161037416214666,0.125497276184952,0.188794398865011
"global",1978,"summed_deviations",0.168662789476223,0.119765486480129,0.186670292582699
"global",1979,"summed_deviations",0.159543883051881,0.127454343156579,0.183819247966471
"global",1980,"summed_deviations",0.153885857043816,0.122208215838183,0.183070559317054
"global",1981,"summed_deviations",0.156682365271246,0.121661642119752,0.185945838110918
"global",1982,"summed_deviations",0.163223426788737,0.129429706906039,0.191329174847053
"global",1983,"summed_deviations",0.181050517381359,0.137180492527576,0.204929670269392
"global",1984,"summed_deviations",0.17408901565571,0.132544655452584,0.203179319704866
"global",1985,"summed_deviations",0.165006773419542,0.128731444269284,0.194048065130369
"global",1986,"summed_deviations",0.167270046879632,0.130886522885996,0.196741998175856
"global",1987,"summed_deviations",0.166209565493586,0.13450943601919,0.199605188785996
"global",1988,"summed_deviations",0.163671299886343,0.131474538357437,0.195960286278894
"global",1989,"summed_deviations",0.174410887781074,0.146627891738429,0.214040880223116
"global",1990,"summed_deviations",0.184784615535154,0.133798644566846,0.200494043402491
"global",1991,"summed_deviations",0.188106159791484,0.142677413535205,0.230208443830365
"global",1992,"summed_deviations",0.180463262923117,0.134642177987549,0.215127957387057
"global",1993,"summed_deviations",0.186314516646286,0.127412357569663,0.224841903215303
"global",1994,"summed_deviations",0.169519573432122,0.130555811506023,0.215031620401409
"global",1995,"summed_deviations",0.166337150650447,0.133861437184525,0.224468768421713
"global",1996,"summed_deviations",0.189638683436727,0.147911126929751,0.237346981137326
"global",1997,"summed_deviations",0.178223112180778,0.139985345524216,0.225220343894531
"global",1998,"summed_deviations",0.177048530099579,0.12962443813371,0.229338427494932
"global",1999,"summed_deviations",0.184969034745035,0.132778572094973,0.228477923697216
"global",2000,"summed_deviations",0.178260505819487,0.137121546701507,0.222691860223247
"global",2001,"summed_deviations",0.186394075981541,0.137889730574637,0.21681762619639
"global",2002,"summed_deviations",0.190024222171763,0.130960523925588,0.215098104514349
"global",2003,"summed_deviations",0.176949449954456,0.132271919951277,0.202719127223191
"global",2004,"summed_deviations",0.169619058290198,0.13307503814227,0.211279703776311
"global",2005,"summed_deviations",0.185958862665393,0.14871460762233,0.226626069066966
"global",1691,"wet_deviations",0.0464646847060078,0.0413174519586011,0.0586660194300207
"global",1692,"wet_deviations",0.0464858301807862,0.0394551935254859,0.05092197915246
"global",1693,"wet_deviations",0.0426291098157049,0.0400922087869511,0.0453520139261132
"global",1694,"wet_deviations",0.0497924605487634,0.0439333268477139,0.0555783549538177
"global",1695,"wet_deviations",0.0442969021990006,0.0411021783261615,0.0514076221384409
"global",1696,"wet_deviations",0.0513933432960195,0.0428907998228566,0.0645745781242505
"global",1697,"wet_deviations",0.0523692692808483,0.0414432359602826,0.0571166785007113
"global",1698,"wet_deviations",0.049832984315943,0.042792842299944,0.0547668880032367
"global",1699,"wet_deviations",0.05378054359281,0.0498715158594399,0.0582148985228753
"global",1700,"wet_deviations",0.0483491989142223,0.0403369678375554,0.0517656438882441
"global",1701,"wet_deviations",0.0506772278673089,0.0452868142979585,0.0545767753144873
"global",1702,"wet_deviations",0.0451694081446944,0.0429645512496589,0.0478247755655827
"global",1703,"wet_deviations",0.0444202237868484,0.0425525019631149,0.0474944312515642
"global",1704,"wet_deviations",0.0494358980363195,0.0420582762126379,0.0548542180646439
"global",1705,"wet_deviations",0.055809478188428,0.045562573827459,0.0623374486178346
"global",1706,"wet_deviations",0.0480666026049315,0.0443289460438171,0.0508445075410269
"global",1707,"wet_deviations",0.0509233564694287,0.0480514167181654,0.0538960540420064
"global",1708,"wet_deviations",0.0497160632519067,0.0454506121003566,0.0521768617045344
"global",1709,"wet_deviations",0.050562643410067,0.0477433567112044,0.0534127833239649
"global",1710,"wet_deviations",0.0491058949925531,0.0426793935521562,0.052105206937014
"global",1711,"wet_deviations",0.0448526621704553,0.0420746225564375,0.0514139601289006
"global",1712,"wet_deviations",0.0441384427131435,0.0417425175412912,0.0461001184339695
"global",1713,"wet_deviations",0.0454486447962495,0.0402118439113482,0.0477524223521776
"global",1714,"wet_deviations",0.0457290019964615,0.0422368465568817,0.0513426093643428
"global",1715,"wet_deviations",0.0496047719150978,0.0435875412285839,0.0528823032696224
"global",1716,"wet_deviations",0.0431987446737598,0.0380009578325323,0.0452421871192907
"global",1717,"wet_deviations",0.0478142161727119,0.0433896610716156,0.0578622560213553
"global",1718,"wet_deviations",0.0500668275646278,0.0353764056440413,0.0584481865872434
"global",1719,"wet_deviations",0.0465557678406973,0.0408939836454203,0.0544666615337681
"global",1720,"wet_deviations",0.0493724972911943,0.0424843772812656,0.0554826739315346
"global",1721,"wet_deviations",0.049416246915445,0.0445090165844843,0.0556623834511605
"global",1722,"wet_deviations",0.05548331330361,0.0462893215908735,0.0615889447157248
"global",1723,"wet_deviations",0.0577848406266083,0.0521821508263922,0.0600669100028361
"global",1724,"wet_deviations",0.0482062211396903,0.0440085766284915,0.0590278132042271
"global",1725,"wet_deviations",0.055764209844359,0.0468361599403664,0.0579886895545066
"global",1726,"wet_deviations",0.0531874113319382,0.0462600007222381,0.0558360043983392
"global",1727,"wet_deviations",0.0543050079551142,0.0506940218070716,0.0568195320007116
"global",1728,"wet_deviations",0.0493191103775488,0.0443531810022611,0.0518797910138507
"global",1729,"wet_deviations",0.0502531735183377,0.0462701584516692,0.0550741040762684
"global",1730,"wet_deviations",0.048468574650261,0.0411934681991653,0.0536058971478284
"global",1731,"wet_deviations",0.0479646087391713,0.0352544461944399,0.0525614785588043
"global",1732,"wet_deviations",0.0448096557946825,0.0375617417172336,0.0516163984150109
"global",1733,"wet_deviations",0.0435964762071037,0.0379521733933849,0.0509253297363058
"global",1734,"wet_deviations",0.0437605446591764,0.0408583166282189,0.0500553374213515
"global",1735,"wet_deviations",0.0456979459294287,0.0398175091200343,0.0482484517623293
"global",1736,"wet_deviations",0.0531307950673441,0.0486304462473374,0.0561663216655335
"global",1737,"wet_deviations",0.0560215909125875,0.0485407545170233,0.06626311812747
"global",1738,"wet_deviations",0.0431098725940986,0.0393369994446727,0.0516437878837792
"global",1739,"wet_deviations",0.0491556088358933,0.0450429858315471,0.0561704280841124
"global",1740,"wet_deviations",0.045148264328662,0.0407072523976857,0.0510353638476193
"global",1741,"wet_deviations",0.0444540705635789,0.040602644178211,0.048393394373724
"global",1742,"wet_deviations",0.0484178379759247,0.0436064912213735,0.0511039557385246
"global",1743,"wet_deviations",0.0456508256604023,0.0405916839893352,0.0535224155092509
"global",1744,"wet_deviations",0.04793667342953,0.0425653089925423,0.0535932943783667
"global",1745,"wet_deviations",0.045782035172876,0.0409190931147567,0.0498510322670944
"global",1746,"wet_deviations",0.0474896957086943,0.0414386211052776,0.0531370823606025
"global",1747,"wet_deviations",0.0501444567877758,0.0433606022887097,0.053386771050229
"global",1748,"wet_deviations",0.0472108382512515,0.042553251385641,0.0527283581637337
"global",1749,"wet_deviations",0.0509851446149901,0.0394035631585973,0.0572323673294835
"global",1750,"wet_deviations",0.0449471283734682,0.036806436553072,0.0525674197666014
"global",1751,"wet_deviations",0.043634704980489,0.0408575341208895,0.0562575629460062
"global",1752,"wet_deviations",0.04477970455974,0.0401748419045119,0.051165178320141
"global",1753,"wet_deviations",0.0478567436213291,0.0380723940440372,0.0544818080342818
"global",1754,"wet_deviations",0.0428161093703175,0.0386609692907639,0.0501421431953399
"global",1755,"wet_deviations",0.0468594948669777,0.0410658536876792,0.0529679494380492
"global",1756,"wet_deviations",0.0424985264299276,0.0388631238427897,0.0584099631742811
"global",1757,"wet_deviations",0.0527782705131529,0.049210124750568,0.0579002321528322
"global",1758,"wet_deviations",0.0530742476573842,0.0452361494324163,0.0598974018294268
"global",1759,"wet_deviations",0.0495217224774528,0.0475031733282411,0.0535079765270721
"global",1760,"wet_deviations",0.0523339494585268,0.0416516916995481,0.0609577913336904
"global",1761,"wet_deviations",0.0472734248807927,0.0422743875345549,0.0511074100455644
"global",1762,"wet_deviations",0.0573361375650307,0.0461559448387964,0.0611725442911207
"global",1763,"wet_deviations",0.0556284529152635,0.0522553041722846,0.0599576825094874
"global",1764,"wet_deviations",0.0484843642425732,0.0439917400779737,0.0528919399115702
"global",1765,"wet_deviations",0.0437970463317194,0.0411429609473158,0.0517431475635075
"global",1766,"wet_deviations",0.0458416058466999,0.041551705207104,0.0490699155754611
"global",1767,"wet_deviations",0.0506058995606314,0.0465730361009371,0.0587395968272734
"global",1768,"wet_deviations",0.0508164320707174,0.0460456679807798,0.0578614572466683
"global",1769,"wet_deviations",0.0494644153233261,0.0465591098446877,0.0536473923713965
"global",1770,"wet_deviations",0.0477056669349001,0.0411650530434756,0.0537731765362022
"global",1771,"wet_deviations",0.0505496080169901,0.0410741778829325,0.0553411942591867
"global",1772,"wet_deviations",0.0484544683060372,0.0394302394358198,0.0564330512953285
"global",1773,"wet_deviations",0.0488760421720241,0.0438214241808693,0.0522808370343894
"global",1774,"wet_deviations",0.0481526720480837,0.0451336686887599,0.0508607247895323
"global",1775,"wet_deviations",0.0447170959074064,0.0421499279738764,0.0481741068209569
"global",1776,"wet_deviations",0.0458440527500263,0.0433842749999592,0.0503193984764106
"global",1777,"wet_deviations",0.0462237615498319,0.04327156865616,0.061068374409511
"global",1778,"wet_deviations",0.048119739801422,0.0422343480226196,0.058114493831312
"global",1779,"wet_deviations",0.0471788323905111,0.0373121271277197,0.0542178906499469
"global",1780,"wet_deviations",0.0513592251556183,0.0464997724884176,0.0539470875964241
"global",1781,"wet_deviations",0.0462577248156895,0.0430177009988157,0.0522539934514856
"global",1782,"wet_deviations",0.0476157763300255,0.0398106749208926,0.05199397368888
"global",1783,"wet_deviations",0.0433843558957687,0.0360726226437969,0.0499493048281425
"global",1784,"wet_deviations",0.0425885269556211,0.0365002981855298,0.0566601822925953
"global",1785,"wet_deviations",0.0476448395131295,0.0431026621083369,0.061125617668939
"global",1786,"wet_deviations",0.0526236473711213,0.0427371063723429,0.056539874442828
"global",1787,"wet_deviations",0.0485219800321446,0.0407862166630635,0.0540482692532165
"global",1788,"wet_deviations",0.0543947505895889,0.0492653292218938,0.0594429057684705
"global",1789,"wet_deviations",0.0569647567758069,0.0542284890160033,0.0638864566211232
"global",1790,"wet_deviations",0.0561488184589613,0.0525295961929846,0.0584944775033668
"global",1791,"wet_deviations",0.044836097494982,0.0420673140133667,0.0542596663377538
"global",1792,"wet_deviations",0.0456014372001348,0.0419780892025956,0.0507479664035969
"global",1793,"wet_deviations",0.0526665966215479,0.0504702905715445,0.0569079192458807
"global",1794,"wet_deviations",0.0510364101140774,0.0484645851972921,0.0624302541841303
"global",1795,"wet_deviations",0.0531027118170147,0.0402582347568206,0.0650694057591731
"global",1796,"wet_deviations",0.0492153326013514,0.0424614158510763,0.0627146766309982
"global",1797,"wet_deviations",0.0482143928180796,0.0426370495108744,0.0602352960143779
"global",1798,"wet_deviations",0.0457917859911096,0.0440283479733886,0.0522494737535128
"global",1799,"wet_deviations",0.0529512808510115,0.0455984786393209,0.0573795040154018
"global",1800,"wet_deviations",0.0512743416091071,0.047705520480339,0.052868429383472
"global",1801,"wet_deviations",0.0498639314165038,0.0462611705439377,0.0538058586929193
"global",1802,"wet_deviations",0.050146527258224,0.0438976240222999,0.0540402710902672
"global",1803,"wet_deviations",0.0461505913000444,0.0399980873348771,0.0574135403805414
"global",1804,"wet_deviations",0.0488061727219158,0.0468350417319478,0.0569168899203168
"global",1805,"wet_deviations",0.0472129637027212,0.0399269226479259,0.0535501095948788
"global",1806,"wet_deviations",0.0525949119231041,0.0482242069547939,0.056467937776617
"global",1807,"wet_deviations",0.0498476065901038,0.0454409663726041,0.0524293060223753
"global",1808,"wet_deviations",0.0555522811357566,0.0494757288150624,0.0591302028196172
"global",1809,"wet_deviations",0.0528038842675972,0.0495449334040378,0.0641350721946461
"global",1810,"wet_deviations",0.0538838808633361,0.0500911627381706,0.0593311910271403
"global",1811,"wet_deviations",0.0437783038852408,0.0370071636435015,0.0492459130267951
"global",1812,"wet_deviations",0.0511594030723921,0.0490535172894315,0.0536188815925706
"global",1813,"wet_deviations",0.0483206335116494,0.0451538155587513,0.0513695636235371
"global",1814,"wet_deviations",0.0471874224306734,0.0396256350028011,0.0516235288551548
"global",1815,"wet_deviations",0.0454861557123515,0.0426109570929818,0.0494661199391293
"global",1816,"wet_deviations",0.046321825174301,0.0408450887624757,0.0532943736666782
"global",1817,"wet_deviations",0.0438072518614778,0.0398236496688511,0.0487205684280413
"global",1818,"wet_deviations",0.0446690129167928,0.0398233278103622,0.0468297284568271
"global",1819,"wet_deviations",0.0513325335035331,0.0448746778479408,0.0529827641210675
"global",1820,"wet_deviations",0.0435410337333802,0.0413145864567215,0.0550604611214714
"global",1821,"wet_deviations",0.0623265963765932,0.0503107557041521,0.0670918964198303
"global",1822,"wet_deviations",0.0546779566962593,0.0527658029047223,0.0638932995037618
"global",1823,"wet_deviations",0.0550532540823432,0.0493906242470448,0.060442420737331
"global",1824,"wet_deviations",0.0520262504980487,0.0459604503174624,0.0544548394295221
"global",1825,"wet_deviations",0.0544851141172378,0.0484377381465673,0.0670051718630561
"global",1826,"wet_deviations",0.0552271145858697,0.0476674090047073,0.063550996089139
"global",1827,"wet_deviations",0.0568720735054953,0.051355678113379,0.060950890369411
"global",1828,"wet_deviations",0.0505528644121351,0.0464165229940371,0.0582258273039141
"global",1829,"wet_deviations",0.0511008842676341,0.0466576125388816,0.0551971881952337
"global",1830,"wet_deviations",0.0548331559445986,0.0500424956858592,0.0569462484223789
"global",1831,"wet_deviations",0.0518986941474486,0.0446200618192473,0.0577598832088092
"global",1832,"wet_deviations",0.0495490230286591,0.0468762354506377,0.0620045175786922
"global",1833,"wet_deviations",0.0468172626899109,0.0444439343909568,0.0518112949027551
"global",1834,"wet_deviations",0.0463740744045308,0.0428667731161041,0.0514172056952422
"global",1835,"wet_deviations",0.0464536998584567,0.0426880277355308,0.0585845188740166
"global",1836,"wet_deviations",0.0554132671094644,0.0476899242170548,0.0693453281302389
"global",1837,"wet_deviations",0.0505143567309097,0.0463360878159275,0.0545143306915861
"global",1838,"wet_deviations",0.043342437900316,0.0404509227021842,0.0458552135131941
"global",1839,"wet_deviations",0.0492294148076405,0.0454691541149989,0.0523872917497025
"global",1840,"wet_deviations",0.0503367917161387,0.0460234617811973,0.0584052032109641
"global",1841,"wet_deviations",0.0500977172338199,0.0478322699706037,0.0521470053397074
"global",1842,"wet_deviations",0.0530621035389285,0.0425110335245608,0.0562385356712592
"global",1843,"wet_deviations",0.0409860109109785,0.0360024466109344,0.047716399024089
"global",1844,"wet_deviations",0.0532405812838723,0.0517534860085777,0.0579985106314141
"global",1845,"wet_deviations",0.0550042147915689,0.0444671434071284,0.0593912591280174
"global",1846,"wet_deviations",0.0560247422315406,0.0517003298688092,0.0649934717558469
"global",1847,"wet_deviations",0.0528047697496934,0.0505879727241537,0.0594344372411109
"global",1848,"wet_deviations",0.0540917784540091,0.0471568682636269,0.0590660229004971
"global",1849,"wet_deviations",0.0436877623849968,0.0394603669151573,0.0596594965301382
"global",1850,"wet_deviations",0.0464330644200557,0.0381024245848302,0.06013106216671
"global",1851,"wet_deviations",0.0547324807821542,0.0492861274975891,0.0640097974055366
"global",1852,"wet_deviations",0.049141765889159,0.0465193050416551,0.0562295831639648
"global",1853,"wet_deviations",0.0494017981212196,0.044474191852625,0.0524311168658739
"global",1854,"wet_deviations",0.0535096591028354,0.0454368693731729,0.0611624264639738
"global",1855,"wet_deviations",0.0524360930008976,0.0438627788544785,0.059322249541649
"global",1856,"wet_deviations",0.0540290571888471,0.0495963389623243,0.0616277626775702
"global",1857,"wet_deviations",0.0557219272786717,0.0496145343485025,0.062293152384128
"global",1858,"wet_deviations",0.0521953022267493,0.0470035429076561,0.0578564607927722
"global",1859,"wet_deviations",0.0601887244471173,0.0428322386847096,0.0635482941230785
"global",1860,"wet_deviations",0.0510071487261201,0.0462621443680351,0.0538979193023884
"global",1861,"wet_deviations",0.0554196146560333,0.0452532227283291,0.0775335030624979
"global",1862,"wet_deviations",0.0426668989479747,0.0372667257618605,0.0681478909170511
"global",1863,"wet_deviations",0.0532786197765022,0.0419645589560526,0.065238355678875
"global",1864,"wet_deviations",0.0572823937011953,0.0455707645247099,0.0718395293584436
"global",1865,"wet_deviations",0.05828321844757,0.0447764463824045,0.0760225686933148
"global",1866,"wet_deviations",0.0532305719850903,0.0488442371547045,0.0665130479735851
"global",1867,"wet_deviations",0.0509401727306655,0.0458662907409257,0.0559796514520286
"global",1868,"wet_deviations",0.0563749058067574,0.044902231854915,0.0644082053512406
"global",1869,"wet_deviations",0.0525693696000981,0.0445478653536098,0.0616204161491224
"global",1870,"wet_deviations",0.0503058803526282,0.04465801033,0.0585265453868259
"global",1871,"wet_deviations",0.0497485424172949,0.0420290786998678,0.0533256153103427
"global",1872,"wet_deviations",0.0512007802937454,0.0494974324569663,0.0577352144868606
"global",1873,"wet_deviations",0.0495561816077325,0.0454222459141765,0.0552931310633618
"global",1874,"wet_deviations",0.0512954063167019,0.0477074522227385,0.0528007113296325
"global",1875,"wet_deviations",0.0526844223834846,0.0470249948191655,0.0713632562808993
"global",1876,"wet_deviations",0.0443134360959651,0.0378102902512889,0.0595116799210976
"global",1877,"wet_deviations",0.0493218414036373,0.0433815924933982,0.0564693588556318
"global",1878,"wet_deviations",0.04760064303018,0.0440466798421317,0.0545865705395429
"global",1879,"wet_deviations",0.047011639867531,0.0420017825223582,0.0522519358836068
"global",1880,"wet_deviations",0.0505867795928557,0.0419269974530702,0.0558283549410282
"global",1881,"wet_deviations",0.0528547523476496,0.045497225904061,0.0580021252282941
"global",1882,"wet_deviations",0.04113492019561,0.0361030872421263,0.0500713722441892
"global",1883,"wet_deviations",0.0479495048327221,0.0414700090074989,0.0532752651799494
"global",1884,"wet_deviations",0.0516548609834382,0.037131144691679,0.0535453064734205
"global",1885,"wet_deviations",0.0413337818637593,0.0351935607659712,0.0465773491134927
"global",1886,"wet_deviations",0.0469292342044028,0.035838081054643,0.0534637952416085
"global",1887,"wet_deviations",0.044114726059196,0.037273839109367,0.0508911668297025
"global",1888,"wet_deviations",0.0443657176007467,0.0396813095848982,0.0524940464104945
"global",1889,"wet_deviations",0.0444883149054001,0.0400813129294988,0.0514534899382142
"global",1890,"wet_deviations",0.0507314467102955,0.0409996492746242,0.0545253893218175
"global",1891,"wet_deviations",0.0519487227612477,0.0390299134684714,0.0559552493235768
"global",1892,"wet_deviations",0.0467115797294101,0.0388474037258305,0.05547411498342
"global",1893,"wet_deviations",0.0460532730971162,0.043131101144093,0.0547914830134607
"global",1894,"wet_deviations",0.0411598239577109,0.0386968138392441,0.0440368721916653
"global",1895,"wet_deviations",0.0383722806381633,0.0331038793356461,0.0458991721470569
"global",1896,"wet_deviations",0.0481466291614356,0.0398735037012163,0.0554925974518843
"global",1897,"wet_deviations",0.043167818736067,0.0385970099166455,0.0460638670648767
"global",1898,"wet_deviations",0.0449834621990556,0.0391312235016915,0.0545245801437027
"global",1899,"wet_deviations",0.0430913354742473,0.0406853889164971,0.049453022491991
"global",1900,"wet_deviations",0.0465417977886232,0.0433264923209875,0.0509242085645981
"global",1901,"wet_deviations",0.0468017256312524,0.0435048116399067,0.0543439195868515
"global",1902,"wet_deviations",0.0462707857689661,0.0414476044882252,0.0530953074943498
"global",1903,"wet_deviations",0.0413220858169752,0.0397895647555411,0.0463092778043511
"global",1904,"wet_deviations",0.0418103469119795,0.0353417739579439,0.0463553897541103
"global",1905,"wet_deviations",0.0475202571906854,0.0426741860014523,0.0520467555476576
"global",1906,"wet_deviations",0.0511699390195286,0.0474166226691354,0.0552866091021112
"global",1907,"wet_deviations",0.0505841374668499,0.043781413198518,0.0539027858687191
"global",1908,"wet_deviations",0.0414649775360109,0.0368462270356904,0.0455911936775198
"global",1909,"wet_deviations",0.041973650589152,0.0369232695855958,0.0499568854808848
"global",1910,"wet_deviations",0.0471029439046016,0.0388563311402847,0.0504195693857315
"global",1911,"wet_deviations",0.04758155589232,0.0444538676595881,0.0503959900748819
"global",1912,"wet_deviations",0.0492848823672856,0.0461278037359055,0.0525124717098676
"global",1913,"wet_deviations",0.0519693044951968,0.0455020116271215,0.0582016494136074
"global",1914,"wet_deviations",0.0482233531686736,0.0427474505995031,0.0519301946329248
"global",1915,"wet_deviations",0.0482507529562001,0.0403047492978101,0.0527805689727419
"global",1916,"wet_deviations",0.0496809494114479,0.0425200639872268,0.0555561173500293
"global",1917,"wet_deviations",0.0507269069550384,0.0380063417922571,0.055272235281963
"global",1918,"wet_deviations",0.0547936747958941,0.0398170158993368,0.0602512914881795
"global",1919,"wet_deviations",0.0464287534671117,0.0404661005286341,0.0544819856514601
"global",1920,"wet_deviations",0.0487041552781043,0.0445467407397916,0.0575405670259265
"global",1921,"wet_deviations",0.0497760932861824,0.0446911377511228,0.0560567385141365
"global",1922,"wet_deviations",0.0513659089641632,0.0414559519858437,0.056157504531573
"global",1923,"wet_deviations",0.0500575092697074,0.0454870580304725,0.0548216647636419
"global",1924,"wet_deviations",0.0453644869997002,0.0404526662884003,0.0515430283623227
"global",1925,"wet_deviations",0.0544988177584752,0.0449443874194998,0.066849451929685
"global",1926,"wet_deviations",0.0556951642798194,0.0463537132551928,0.0646998516444789
"global",1927,"wet_deviations",0.0549197096211441,0.0508336199081854,0.0611351145514106
"global",1928,"wet_deviations",0.0549710421681175,0.0498879915992591,0.0596085719624111
"global",1929,"wet_deviations",0.0582214733140649,0.0552505151253102,0.0646370623367871
"global",1930,"wet_deviations",0.0550489684986138,0.0498305866276332,0.0609492221936736
"global",1931,"wet_deviations",0.0567823527473014,0.0498798551614122,0.0665062797011035
"global",1932,"wet_deviations",0.060283776835604,0.0524082407970924,0.0698687248685326
"global",1933,"wet_deviations",0.0613428468961079,0.0503472383328915,0.0745704290196528
"global",1934,"wet_deviations",0.0614524579331126,0.0472445818016057,0.0744992170059898
"global",1935,"wet_deviations",0.0566062553212845,0.0499315450080846,0.0640813449260639
"global",1936,"wet_deviations",0.0627961729076189,0.0567922671192212,0.0684298050433891
"global",1937,"wet_deviations",0.0527111042695936,0.045189188982697,0.0701286853235965
"global",1938,"wet_deviations",0.0575135493655709,0.0472139077664692,0.0717223175269294
"global",1939,"wet_deviations",0.0587559638674276,0.0548095485502893,0.0673793155817373
"global",1940,"wet_deviations",0.047664022110624,0.0412741521292461,0.052181542579108
"global",1941,"wet_deviations",0.0560017237259595,0.0473937395618637,0.0610005934324742
"global",1942,"wet_deviations",0.0555527487530541,0.0478758855297853,0.0623898117059898
"global",1943,"wet_deviations",0.0621207949177209,0.0568808705226325,0.0744705947670323
"global",1944,"wet_deviations",0.0542207623043599,0.0473405977511307,0.059000851997215
"global",1945,"wet_deviations",0.0546128087041347,0.0462113252716127,0.0620171610517849
"global",1946,"wet_deviations",0.0549633452440618,0.0455437399737252,0.0641311101042518
"global",1947,"wet_deviations",0.061343377844249,0.0485284542304717,0.0755521403523483
"global",1948,"wet_deviations",0.0589442702136411,0.0502456527310763,0.0612092676778632
"global",1949,"wet_deviations",0.0552109897379778,0.0472615646640461,0.069588383037621
"global",1950,"wet_deviations",0.0527532518749307,0.0496727082350258,0.0606725319396367
"global",1951,"wet_deviations",0.0584895139503396,0.0495682014762193,0.0641983676104301
"global",1952,"wet_deviations",0.0616453356839748,0.0501656800406519,0.0682672014071217
"global",1953,"wet_deviations",0.0564018562405522,0.0492667825312987,0.0602569295697305
"global",1954,"wet_deviations",0.0572694177859566,0.0515024383208918,0.0635801600647889
"global",1955,"wet_deviations",0.0545072283986297,0.0498207106946256,0.067705518335136
"global",1956,"wet_deviations",0.0559676488926057,0.0514683923370148,0.0644058528460766
"global",1957,"wet_deviations",0.0600697258999182,0.0534012388335957,0.0699887862384166
"global",1958,"wet_deviations",0.0560556826891047,0.0518878640923351,0.0705126120269433
"global",1959,"wet_deviations",0.0585600285116921,0.0498432853641844,0.0654877182717095
"global",1960,"wet_deviations",0.0658101771336593,0.0523039501423975,0.0844163308742525
"global",1961,"wet_deviations",0.068817604678295,0.0555048058443756,0.0721940103500277
"global",1962,"wet_deviations",0.0641272562945757,0.0511987072148996,0.0753784374893357
"global",1963,"wet_deviations",0.0623163466686217,0.0548341906360175,0.0647764129574112
"global",1964,"wet_deviations",0.0491772991209257,0.0414156737225649,0.0621110208267055
"global",1965,"wet_deviations",0.0551872138425322,0.0464160257042024,0.0628292941476254
"global",1966,"wet_deviations",0.0660391626113246,0.0501405718621349,0.073615409017963
"global",1967,"wet_deviations",0.0589153951191893,0.050243618694596,0.0637521036283652
"global",1968,"wet_deviations",0.0543262804119357,0.0435078364047465,0.0698050247901278
"global",1969,"wet_deviations",0.0500855067958094,0.0458550802519101,0.059213346413217
"global",1970,"wet_deviations",0.050474406088248,0.0427053204046152,0.0604555797584013
"global",1971,"wet_deviations",0.050947170218448,0.0440459703165632,0.0560866545297534
"global",1972,"wet_deviations",0.0482191272663355,0.044466009607133,0.0568802298094478
"global",1973,"wet_deviations",0.0559984476317066,0.0435389930612736,0.0690063030582513
"global",1974,"wet_deviations",0.048833883795576,0.0438873156660759,0.0544217674367042
"global",1975,"wet_deviations",0.0560228254978146,0.048260765917807,0.060190043976242
"global",1976,"wet_deviations",0.0573238007378956,0.0506781246065229,0.0715341086350964
"global",1977,"wet_deviations",0.0621611052216526,0.0509466440657545,0.0726828315335881
"global",1978,"wet_deviations",0.0592766146131687,0.0545565320366634,0.0662090564252558
"global",1979,"wet_deviations",0.0545226945184725,0.0499154959059327,0.0701932324510708
"global",1980,"wet_deviations",0.0547834622486425,0.048372439672134,0.0663784132995205
"global",1981,"wet_deviations",0.0534737968751661,0.0471064071134855,0.0612421776249789
"global",1982,"wet_deviations",0.0534704571919081,0.0437565145541135,0.0618036690547425
"global",1983,"wet_deviations",0.0521976714343071,0.048190455673178,0.0618616170442814
"global",1984,"wet_deviations",0.0640309437281706,0.0515706583062664,0.078546609430792
"global",1985,"wet_deviations",0.0648102264406656,0.0485954099121923,0.0726287031698059
"global",1986,"wet_deviations",0.057426796137956,0.0469462773625022,0.0721152388146665
"global",1987,"wet_deviations",0.0600141582036895,0.0476211992254871,0.0659735899900472
"global",1988,"wet_deviations",0.0585974187778059,0.0507164905444336,0.0715151268284278
"global",1989,"wet_deviations",0.0630491586617735,0.0498807547761267,0.0839705074704731
"global",1990,"wet_deviations",0.0606465986220762,0.049750149170159,0.0714112561259338
"global",1991,"wet_deviations",0.0575580916611658,0.0490155143303805,0.067821206852242
"global",1992,"wet_deviations",0.0573028770512161,0.0513544199760525,0.0714005348134533
"global",1993,"wet_deviations",0.065889157866776,0.0474412376474925,0.0714935072848275
"global",1994,"wet_deviations",0.0577586756966646,0.0489143018124257,0.0718022742415915
"global",1995,"wet_deviations",0.0662623705189223,0.0525529788349991,0.0854577148466962
"global",1996,"wet_deviations",0.0705859468376857,0.0636420451349534,0.0780709915679097
"global",1997,"wet_deviations",0.0595666100724486,0.0530629842606964,0.0728760920536417
"global",1998,"wet_deviations",0.0599969112616354,0.0531378858099239,0.0721725331233115
"global",1999,"wet_deviations",0.0629642525458948,0.0516749759678144,0.0714549674088076
"global",2000,"wet_deviations",0.0592246686388357,0.050219544665255,0.0660038873789187
"global",2001,"wet_deviations",0.0654373239631833,0.0554812780168442,0.0724905083911504
"global",2002,"wet_deviations",0.0627777671534947,0.0550587346597727,0.0832941175568274
"global",2003,"wet_deviations",0.0576021948309418,0.0487558156274909,0.0744696163814829
"global",2004,"wet_deviations",0.0591881092897361,0.0480030986446976,0.0710605197106681
"global",2005,"wet_deviations",0.0627243325570736,0.0517276472304959,0.0747032059791847
"global",1691,"dry_deviations",0.0483894457390625,0.0406645170927648,0.0534815709434786
"global",1692,"dry_deviations",0.0389861426325939,0.0354260558700226,0.0489844494153132
"global",1693,"dry_deviations",0.043573702513511,0.035697485402707,0.0484056960894266
"global",1694,"dry_deviations",0.0415872748637241,0.0337611246010841,0.0564186759388713
"global",1695,"dry_deviations",0.0522809838377935,0.0445953512217539,0.0630196212409474
"global",1696,"dry_deviations",0.0539725668210091,0.045071788286655,0.0582603701781508
"global",1697,"dry_deviations",0.0514130114103403,0.0466402841168547,0.0577599960560742
"global",1698,"dry_deviations",0.0435108506116622,0.0382947417478118,0.0511227692935677
"global",1699,"dry_deviations",0.0402395996314475,0.0364099649962348,0.048740990981299
"global",1700,"dry_deviations",0.0445538521724102,0.0400275286666481,0.0511963129633805
"global",1701,"dry_deviations",0.0435867773276889,0.0355955138604661,0.0486986911092405
"global",1702,"dry_deviations",0.0392548692292502,0.0370506055322116,0.0495924976196392
"global",1703,"dry_deviations",0.037744554728455,0.0331062277038138,0.0489561912853823
"global",1704,"dry_deviations",0.0406373826536301,0.0381251646002492,0.0462787735357773
"global",1705,"dry_deviations",0.0443477339760463,0.0374624882469927,0.0516362480801123
"global",1706,"dry_deviations",0.0375738712885806,0.0351320965678858,0.0383866973601983
"global",1707,"dry_deviations",0.0427852056971357,0.0368523369254637,0.04748998231729
"global",1708,"dry_deviations",0.0446821077432896,0.0371277635078731,0.0489688964145693
"global",1709,"dry_deviations",0.0469651401325907,0.0422117256194224,0.053709506193239
"global",1710,"dry_deviations",0.0489445812429375,0.0409798811330307,0.0566810540577101
"global",1711,"dry_deviations",0.0425622373582142,0.0336278719228574,0.05190707219519
"global",1712,"dry_deviations",0.0469516418795842,0.0407166489371432,0.0562647943724079
"global",1713,"dry_deviations",0.043846092747279,0.036628129898614,0.0511483886476807
"global",1714,"dry_deviations",0.0441802962786008,0.0404401754921304,0.0532288323030995
"global",1715,"dry_deviations",0.0576071474381302,0.0515152473853622,0.063735845446108
"global",1716,"dry_deviations",0.0551917817584099,0.0449816588839727,0.0644482310507463
"global",1717,"dry_deviations",0.0451235992756177,0.0377187593587805,0.0551885266936728
"global",1718,"dry_deviations",0.0404787383138256,0.0355406046531977,0.043084142745912
"global",1719,"dry_deviations",0.0409915423656328,0.0351465021735468,0.0439684417473406
"global",1720,"dry_deviations",0.0414826327747578,0.0372095578677018,0.0490379900957942
"global",1721,"dry_deviations",0.0415123542634101,0.0384562492829815,0.0526083312372965
"global",1722,"dry_deviations",0.0384683094204087,0.0326951114420909,0.0426258127927974
"global",1723,"dry_deviations",0.0405128230995112,0.0341276541165816,0.046585845935194
"global",1724,"dry_deviations",0.0403766058963315,0.0344422149186404,0.0441931164763105
"global",1725,"dry_deviations",0.0425430235856113,0.0385537696390708,0.0450937043546435
"global",1726,"dry_deviations",0.0435764957639684,0.0329777585889961,0.0493839456209576
"global",1727,"dry_deviations",0.0421848828835193,0.0348990153951297,0.0449171272192535
"global",1728,"dry_deviations",0.0351788955016991,0.031803462523153,0.040295259287173
"global",1729,"dry_deviations",0.0384513486657147,0.0340018982307846,0.0445650699008494
"global",1730,"dry_deviations",0.0393656123272615,0.0368613128038354,0.0429624610226811
"global",1731,"dry_deviations",0.0359964141018998,0.0333626620021572,0.0396736561288335
"global",1732,"dry_deviations",0.0399633399095401,0.0327626197098474,0.0416915879453994
"global",1733,"dry_deviations",0.0448853391802258,0.0417623840829707,0.0535955223598862
"global",1734,"dry_deviations",0.0412410774410897,0.0379185126860746,0.0521345495293015
"global",1735,"dry_deviations",0.0389436896532172,0.0345085931471596,0.0472594373330941
"global",1736,"dry_deviations",0.038858150852692,0.0370048879528963,0.0472137092152757
"global",1737,"dry_deviations",0.0461782361681598,0.0375085291440431,0.0500908069390262
"global",1738,"dry_deviations",0.0439768825670914,0.0364274372598285,0.0493054287476114
"global",1739,"dry_deviations",0.0394024771329143,0.0355856376180029,0.0449992237624186
"global",1740,"dry_deviations",0.041517585027644,0.0381990010429304,0.0502985933559307
"global",1741,"dry_deviations",0.0400344911854573,0.0332517019950726,0.0474778586633748
"global",1742,"dry_deviations",0.0395390568120699,0.0345066039783114,0.0420993212773072
"global",1743,"dry_deviations",0.0477469992792447,0.0402365097087037,0.0530152496994711
"global",1744,"dry_deviations",0.0466449921404684,0.0415468940233442,0.0538200979677795
"global",1745,"dry_deviations",0.0420486761592787,0.0372658142491588,0.0489795404291871
"global",1746,"dry_deviations",0.0418422704857385,0.0354483656819577,0.0462982907569712
"global",1747,"dry_deviations",0.0382213225497025,0.0343476723878981,0.0429570018532404
"global",1748,"dry_deviations",0.0369973553975458,0.0342344815841117,0.0453123005699372
"global",1749,"dry_deviations",0.0414848865668573,0.0358565547948768,0.0464306574246801
"global",1750,"dry_deviations",0.0426020050961822,0.0349270078825751,0.0500201891412716
"global",1751,"dry_deviations",0.0540448477030997,0.0470415640094495,0.0656088563928219
"global",1752,"dry_deviations",0.0478755593234504,0.0404039371141485,0.0594703379821679
"global",1753,"dry_deviations",0.044580015586618,0.03693520382477,0.0504610459069566
"global",1754,"dry_deviations",0.0492649205370422,0.0437015246661374,0.0561842755657336
"global",1755,"dry_deviations",0.0506748623649508,0.0434328304022738,0.0554818489535241
"global",1756,"dry_deviations",0.049098753279126,0.0431023682976824,0.0541300056147679
"global",1757,"dry_deviations",0.050259733746512,0.0457848644758875,0.0580151362231896
"global",1758,"dry_deviations",0.0549760468571826,0.0458998543171143,0.0602509300034975
"global",1759,"dry_deviations",0.0441315289832068,0.0395916184596381,0.0531251459089926
"global",1760,"dry_deviations",0.0382786888553573,0.0360820293832297,0.0432231181237637
"global",1761,"dry_deviations",0.036775741021488,0.0327576891222808,0.0480366672853973
"global",1762,"dry_deviations",0.042160853395438,0.0396226866468972,0.0509834695743818
"global",1763,"dry_deviations",0.0399883123348854,0.033127895242579,0.0472961265520043
"global",1764,"dry_deviations",0.0409014485762511,0.0369557548842368,0.0477954621310027
"global",1765,"dry_deviations",0.0437238823992383,0.0384947765724769,0.0507553025572944
"global",1766,"dry_deviations",0.0418330563263055,0.0364822159505191,0.052289093059976
"global",1767,"dry_deviations",0.0458091184037365,0.0354447663100468,0.0496285689563672
"global",1768,"dry_deviations",0.0421495881191735,0.0364892627151075,0.055865043159235
"global",1769,"dry_deviations",0.0452562361731126,0.0384484133152929,0.0525123780624595
"global",1770,"dry_deviations",0.0403902403863123,0.0329523866245031,0.0476008067735871
"global",1771,"dry_deviations",0.0380456025140828,0.0350180696633395,0.0429454171099352
"global",1772,"dry_deviations",0.035065236880276,0.0336230959180976,0.0420589937088282
"global",1773,"dry_deviations",0.0396606774444078,0.0362907263760331,0.0439870902942645
"global",1774,"dry_deviations",0.0412950004430681,0.0374609065102026,0.0458307442110419
"global",1775,"dry_deviations",0.0381761979730308,0.0337898855268005,0.042196665239764
"global",1776,"dry_deviations",0.0357779052360985,0.0330920260210265,0.0431661438179581
"global",1777,"dry_deviations",0.0416852677481762,0.0342366816380403,0.0437177356362046
"global",1778,"dry_deviations",0.0450257788224748,0.0402138561726847,0.0481901075047003
"global",1779,"dry_deviations",0.0385496612094808,0.0351135926112843,0.0461838140895019
"global",1780,"dry_deviations",0.044963527838043,0.0399369879196674,0.0508783335941313
"global",1781,"dry_deviations",0.0394761470387781,0.0353772076178394,0.0444893945112328
"global",1782,"dry_deviations",0.0429522556812649,0.0328466074121545,0.0467626340587743
"global",1783,"dry_deviations",0.0315046285248161,0.027857408033138,0.0406564751883465
"global",1784,"dry_deviations",0.0359717318474267,0.0330960071905153,0.0424481033423613
"global",1785,"dry_deviations",0.0395017723468082,0.0366227513966058,0.044440479607134
"global",1786,"dry_deviations",0.0416353817722414,0.0389366801225441,0.048495833878489
"global",1787,"dry_deviations",0.0420985742042716,0.0376652464943968,0.0460708269840687
"global",1788,"dry_deviations",0.0429096028542222,0.0393799258034086,0.0515387110895881
"global",1789,"dry_deviations",0.0399815280454695,0.0348586058907522,0.0494763727877271
"global",1790,"dry_deviations",0.0449602688727012,0.0338489448640584,0.0513664179698236
"global",1791,"dry_deviations",0.0442247474361926,0.0388646691096162,0.0483601598410328
"global",1792,"dry_deviations",0.0433199289362945,0.0350937713115276,0.0498340701008957
"global",1793,"dry_deviations",0.0367898472939532,0.0333764867345892,0.0435430550369627
"global",1794,"dry_deviations",0.0427008579481463,0.0392769849740161,0.0485308646689243
"global",1795,"dry_deviations",0.0422213327611834,0.0397369174137533,0.0472776848399997
"global",1796,"dry_deviations",0.0437167505563019,0.041392092408232,0.0508550045398655
"global",1797,"dry_deviations",0.0386764292236838,0.0302294172312741,0.0494832845751354
"global",1798,"dry_deviations",0.0356592216574622,0.0321491852824489,0.0407527735105872
"global",1799,"dry_deviations",0.0374380740852222,0.0345096615729473,0.0424579413843713
"global",1800,"dry_deviations",0.0406248125526316,0.0371609727422909,0.048196402467124
"global",1801,"dry_deviations",0.0407107523417969,0.0341262946176584,0.0555383457602908
"global",1802,"dry_deviations",0.04109091512312,0.036099200036292,0.0527269363720478
"global",1803,"dry_deviations",0.0496371335255152,0.0376372448652857,0.0552313334697113
"global",1804,"dry_deviations",0.0456071882292946,0.0423425015440516,0.0515129284885162
"global",1805,"dry_deviations",0.0408076129935689,0.0348083382116458,0.0443238144120488
"global",1806,"dry_deviations",0.0446864432759737,0.0353271414575639,0.0460328761056725
"global",1807,"dry_deviations",0.0407338904311318,0.0366339286968215,0.046607005097993
"global",1808,"dry_deviations",0.0419461364367211,0.0368259598341137,0.0455337973155437
"global",1809,"dry_deviations",0.0448949181163836,0.04139068204401,0.051190168444594
"global",1810,"dry_deviations",0.0476818235079104,0.0407929596261944,0.0518096090585004
"global",1811,"dry_deviations",0.0398887116629192,0.035597130359664,0.0414152790828268
"global",1812,"dry_deviations",0.0420885049379442,0.0386914985557126,0.0475706647707555
"global",1813,"dry_deviations",0.0423864933586577,0.0361661749575896,0.048284232315639
"global",1814,"dry_deviations",0.0413421686621788,0.035566111906136,0.0453672385774184
"global",1815,"dry_deviations",0.0416067084282929,0.0363706813818901,0.0451981933843753
"global",1816,"dry_deviations",0.0462712833485042,0.0409083398696283,0.0534575405813052
"global",1817,"dry_deviations",0.0388468036033547,0.0335285180223832,0.0491816724010375
"global",1818,"dry_deviations",0.0437084381078883,0.0387126019343483,0.0473942597776285
"global",1819,"dry_deviations",0.0430931000472946,0.0380104840103361,0.0476756798740907
"global",1820,"dry_deviations",0.046062115163331,0.0399222192720982,0.0533070555061571
"global",1821,"dry_deviations",0.0451033311971389,0.0418779596468422,0.0564671796328112
"global",1822,"dry_deviations",0.041360878167609,0.0378443009402056,0.0476035139178674
"global",1823,"dry_deviations",0.0382364165449544,0.0354087844588991,0.0447670286343908
"global",1824,"dry_deviations",0.0442741455090334,0.0399627973428257,0.0463039422633353
"global",1825,"dry_deviations",0.0465043306986116,0.0378595075089227,0.0543338769983375
"global",1826,"dry_deviations",0.0433948469941615,0.0357616239443413,0.0455795547912533
"global",1827,"dry_deviations",0.038190389101549,0.0354297019824398,0.0448893758818055
"global",1828,"dry_deviations",0.0388438010229844,0.0350125845567638,0.0448384577205631
"global",1829,"dry_deviations",0.0376617148682409,0.03313766201038,0.0435843365007939
"global",1830,"dry_deviations",0.0432739216865723,0.0393962132011311,0.051631694187853
"global",1831,"dry_deviations",0.0402136554611532,0.0332892044768033,0.045199738513815
"global",1832,"dry_deviations",0.0357949603978063,0.030935114750191,0.0381960548963948
"global",1833,"dry_deviations",0.0327027375038027,0.0284497824389242,0.0429649494020573
"global",1834,"dry_deviations",0.0390395737343305,0.0326215020352192,0.0454991438319155
"global",1835,"dry_deviations",0.0408216757729529,0.0355685209570595,0.0505733236201966
"global",1836,"dry_deviations",0.0409741549614612,0.037062576542794,0.0498073405164789
"global",1837,"dry_deviations",0.0420250276720229,0.0383261661244622,0.0482260323157914
"global",1838,"dry_deviations",0.0419834377164457,0.0345021925010741,0.0456527304448712
"global",1839,"dry_deviations",0.0420806399663335,0.0389268394903985,0.0492856485172285
"global",1840,"dry_deviations",0.0493943796888976,0.0440445250155762,0.0567609846465264
"global",1841,"dry_deviations",0.0456432882298265,0.038826030867045,0.0500376362297576
"global",1842,"dry_deviations",0.0444073748437154,0.0353683444634095,0.0535707579906667
"global",1843,"dry_deviations",0.0404258449236645,0.0378446815382,0.0462990993008338
"global",1844,"dry_deviations",0.0427582478777519,0.0391318860294931,0.0505691102836533
"global",1845,"dry_deviations",0.0424096196225394,0.0409528032143248,0.051576691314462
"global",1846,"dry_deviations",0.0430852783645954,0.0371930906082197,0.0483786596121483
"global",1847,"dry_deviations",0.0419113323547123,0.0380993601968315,0.04847043979842
"global",1848,"dry_deviations",0.0389830232609758,0.034940969751718,0.0541346322874248
"global",1849,"dry_deviations",0.0497023379055957,0.0431418753577425,0.055506055550545
"global",1850,"dry_deviations",0.0473983805593184,0.0406366695518388,0.0514866790829637
"global",1851,"dry_deviations",0.0398400035735185,0.032604328253834,0.0449171241390787
"global",1852,"dry_deviations",0.0372411117127726,0.0307269079817652,0.0489396118170039
"global",1853,"dry_deviations",0.0406169783984572,0.0369936969205149,0.0534635259940788
"global",1854,"dry_deviations",0.0481827438166631,0.0439961404004554,0.0668394662359454
"global",1855,"dry_deviations",0.0493133619516572,0.0436808659032346,0.0548271875522901
"global",1856,"dry_deviations",0.0473302850727633,0.0397336470332292,0.051561176204855
"global",1857,"dry_deviations",0.043816437442422,0.0408951399029479,0.0483983312112344
"global",1858,"dry_deviations",0.0430331609443337,0.0387515911880638,0.0471184842875396
"global",1859,"dry_deviations",0.049087232389773,0.0432168546842204,0.0543689581236554
"global",1860,"dry_deviations",0.0401506939717171,0.0335783059013377,0.0462823189076723
"global",1861,"dry_deviations",0.0654485819334573,0.0477117977466889,0.128402504650322
"global",1862,"dry_deviations",0.0629131605394941,0.0495446934048465,0.125587482202273
"global",1863,"dry_deviations",0.0637620312945437,0.0448394289896135,0.102614470787854
"global",1864,"dry_deviations",0.0532339405686361,0.0393896780317021,0.0865785921593696
"global",1865,"dry_deviations",0.0572480529328919,0.048953432025179,0.0765101271653053
"global",1866,"dry_deviations",0.0512855677376722,0.0472036440213902,0.0685188659394167
"global",1867,"dry_deviations",0.0555135189338422,0.046649514429042,0.0720661372045296
"global",1868,"dry_deviations",0.0518013390886708,0.0455038724279352,0.0673690569814498
"global",1869,"dry_deviations",0.0547210341245136,0.0454409500839202,0.072413492795681
"global",1870,"dry_deviations",0.0478221576464805,0.0398890064981546,0.071023848639921
"global",1871,"dry_deviations",0.0443758193622067,0.0388439262356785,0.0652731613694402
"global",1872,"dry_deviations",0.0493117107518003,0.0394050161237436,0.0661078599564392
"global",1873,"dry_deviations",0.0493962938030548,0.036242067043041,0.0708790390574212
"global",1874,"dry_deviations",0.0550685810611354,0.0508716571489206,0.0669782734720655
"global",1875,"dry_deviations",0.0524970700194805,0.0427060343432358,0.0608092594549286
"global",1876,"dry_deviations",0.0421445332074289,0.035963491480496,0.0517850061175208
"global",1877,"dry_deviations",0.0471202012182867,0.036748082404044,0.055587029213258
"global",1878,"dry_deviations",0.0480621205962275,0.0414055522606496,0.0644640739004426
"global",1879,"dry_deviations",0.0469672015439884,0.0404449564773309,0.0557495586868168
"global",1880,"dry_deviations",0.0442944842221909,0.0369152946259245,0.0586382205576234
"global",1881,"dry_deviations",0.0413723472284477,0.0365627781567026,0.0463432948613037
"global",1882,"dry_deviations",0.0485497709633102,0.0384112156277409,0.0531769723564649
"global",1883,"dry_deviations",0.053522149735577,0.047435684569676,0.0670608593471505
"global",1884,"dry_deviations",0.0570712912588437,0.0487383308091812,0.070051636620182
"global",1885,"dry_deviations",0.0510036423958373,0.044684660521303,0.0654421071613771
"global",1886,"dry_deviations",0.0502691582461017,0.0349081142622018,0.0560639615852143
"global",1887,"dry_deviations",0.0453666441944201,0.0386641058311649,0.0515644308891235
"global",1888,"dry_deviations",0.0446548917333435,0.0362458392380685,0.0493349716476782
"global",1889,"dry_deviations",0.0445635783607056,0.0381646761476184,0.0592676370152148
"global",1890,"dry_deviations",0.0512224269423421,0.0442153801447452,0.0653893449528049
"global",1891,"dry_deviations",0.0536132896540146,0.0460000286064789,0.0619139701924328
"global",1892,"dry_deviations",0.0521633017573674,0.0404390512882317,0.0629110268471873
"global",1893,"dry_deviations",0.0428775268104787,0.0385090261178962,0.0569830389476694
"global",1894,"dry_deviations",0.0433516768250176,0.0406472321722741,0.0512419010955635
"global",1895,"dry_deviations",0.0548706566027692,0.0454023253865925,0.071596866587117
"global",1896,"dry_deviations",0.0600492426128232,0.0474009262753868,0.0693344977390049
"global",1897,"dry_deviations",0.0519265418580889,0.0441610501618062,0.0657986723437152
"global",1898,"dry_deviations",0.0538089141806467,0.0425638326122168,0.0623246098392316
"global",1899,"dry_deviations",0.0451150685421498,0.0389216873741354,0.0592169056129301
"global",1900,"dry_deviations",0.0515602952204757,0.0439908155240685,0.0549417403403045
"global",1901,"dry_deviations",0.0582836924815857,0.0436184763371383,0.069021468961978
"global",1902,"dry_deviations",0.0503193230532797,0.0419807210186364,0.0683259851180127
"global",1903,"dry_deviations",0.0589463233237463,0.0454823639362048,0.0685620897824232
"global",1904,"dry_deviations",0.0526242196487724,0.0377557012353817,0.0614667022229239
"global",1905,"dry_deviations",0.0545403847170826,0.0459955786548472,0.0648713857462245
"global",1906,"dry_deviations",0.0589531620188185,0.0526431916594754,0.0783439529779662
"global",1907,"dry_deviations",0.0556208016419105,0.0432743268682192,0.06217289594397
"global",1908,"dry_deviations",0.0515236501877726,0.0383356599340021,0.0635432059160376
"global",1909,"dry_deviations",0.0538017290807972,0.0453951730946332,0.0681435036441654
"global",1910,"dry_deviations",0.0524583595807653,0.0467859588659098,0.0657285406863397
"global",1911,"dry_deviations",0.0565080394556902,0.0483514052135858,0.0747945015545868
"global",1912,"dry_deviations",0.0647634476195693,0.0533991246252511,0.0726687957278702
"global",1913,"dry_deviations",0.0579861501990366,0.0438875971077263,0.0687669891706553
"global",1914,"dry_deviations",0.0567575961662988,0.0443852398663713,0.0746270707858089
"global",1915,"dry_deviations",0.0596970201749694,0.04493921242419,0.0741121939826538
"global",1916,"dry_deviations",0.0579077964509127,0.0433116024906168,0.077236233286433
"global",1917,"dry_deviations",0.0589131591784644,0.0481284026287204,0.0720440126412568
"global",1918,"dry_deviations",0.0575199222509543,0.045255267140919,0.0654470574353869
"global",1919,"dry_deviations",0.0559355562918237,0.048142192691367,0.070246739998699
"global",1920,"dry_deviations",0.0539478228215772,0.0444289737327337,0.0683925065022435
"global",1921,"dry_deviations",0.0631497572968086,0.0509832936220316,0.0763364777320288
"global",1922,"dry_deviations",0.0774908051479068,0.0526021721295042,0.0858327304752575
"global",1923,"dry_deviations",0.0626807412747937,0.0488662439626685,0.0831995461918415
"global",1924,"dry_deviations",0.0588309846257973,0.04400149283422,0.0693947152088226
"global",1925,"dry_deviations",0.0587329682918368,0.0472928175885824,0.0751383316437128
"global",1926,"dry_deviations",0.0615052270269196,0.0483500358539702,0.0696824195019222
"global",1927,"dry_deviations",0.0608337513766786,0.0523599409252452,0.0769665018696921
"global",1928,"dry_deviations",0.0598784011773868,0.0464760679293743,0.0696497066238071
"global",1929,"dry_deviations",0.0640173502797196,0.0543326111032688,0.0754004297745204
"global",1930,"dry_deviations",0.0646547108337356,0.0534100361931987,0.0816186369238659
"global",1931,"dry_deviations",0.0673022637700462,0.0520800231342556,0.081853502286278
"global",1932,"dry_deviations",0.0683844846719049,0.0569795985348901,0.0854726017509503
"global",1933,"dry_deviations",0.0658383214953989,0.0559495405851275,0.077992616955993
"global",1934,"dry_deviations",0.06602058660078,0.0555710580145457,0.0794649886598079
"global",1935,"dry_deviations",0.0696362504674262,0.0545431009588044,0.084991332905511
"global",1936,"dry_deviations",0.0788708352727276,0.061538283913253,0.0875127169498807
"global",1937,"dry_deviations",0.0754593936610219,0.0589620209951994,0.0833095042898762
"global",1938,"dry_deviations",0.0609671356822867,0.046961935692795,0.0734506510828909
"global",1939,"dry_deviations",0.0601283814307447,0.049901242785748,0.0771924726863252
"global",1940,"dry_deviations",0.0630120954242096,0.0497833492746682,0.0808975535126132
"global",1941,"dry_deviations",0.0599852849807893,0.050649353733435,0.0744611247876332
"global",1942,"dry_deviations",0.0652300418163843,0.0492136277755905,0.0800018811988719
"global",1943,"dry_deviations",0.0594738935726808,0.0511112191752328,0.0734643207920464
"global",1944,"dry_deviations",0.0675988525627696,0.055966119291422,0.084721668019903
"global",1945,"dry_deviations",0.0694901423266737,0.0553952122275618,0.0861321983103255
"global",1946,"dry_deviations",0.0594618658033128,0.0539385037468946,0.0812418380734092
"global",1947,"dry_deviations",0.0671771378685805,0.059800064652829,0.0771859680995722
"global",1948,"dry_deviations",0.0672154968646325,0.0537112917544379,0.0824751137305143
"global",1949,"dry_deviations",0.0615896286277895,0.0518209718957368,0.0720999526409901
"global",1950,"dry_deviations",0.0641141601958372,0.04959639810007,0.0784325526996231
"global",1951,"dry_deviations",0.0724540823380016,0.0650556443482523,0.0923504132088779
"global",1952,"dry_deviations",0.0799578256999365,0.0646413782177794,0.0996425304216783
"global",1953,"dry_deviations",0.0668915773134714,0.0560669766687074,0.0892367337419429
"global",1954,"dry_deviations",0.0674402516793676,0.0546988657056398,0.0849264135981408
"global",1955,"dry_deviations",0.0701383930202774,0.0616295731042977,0.0935436309783663
"global",1956,"dry_deviations",0.0764017232412286,0.0626257834582059,0.0944016686814295
"global",1957,"dry_deviations",0.070810955000091,0.0598961260546545,0.0883247903124021
"global",1958,"dry_deviations",0.0656132974139972,0.0510456931849207,0.085590417816758
"global",1959,"dry_deviations",0.0746000308820817,0.0565714263217154,0.0945623988481082
"global",1960,"dry_deviations",0.0846712074648949,0.0588885160422817,0.108098137390814
"global",1961,"dry_deviations",0.0804515445201587,0.0605469283297626,0.100824419526136
"global",1962,"dry_deviations",0.0678228174338362,0.0539306943351219,0.0848079789815938
"global",1963,"dry_deviations",0.068903042759299,0.0566245281029683,0.0846815059926452
"global",1964,"dry_deviations",0.0753405945647679,0.0582675362222837,0.0896995095926414
"global",1965,"dry_deviations",0.0828841977571218,0.0657500647004341,0.0925515853438867
"global",1966,"dry_deviations",0.0829431980959112,0.062165679719993,0.113058149155851
"global",1967,"dry_deviations",0.080102573871162,0.0670710837421107,0.103974821640847
"global",1968,"dry_deviations",0.078423466892251,0.0605827446993793,0.102329430504294
"global",1969,"dry_deviations",0.0734976385278334,0.0556076748670222,0.0935486482478764
"global",1970,"dry_deviations",0.0792250443724282,0.0617617042025708,0.0949796093010402
"global",1971,"dry_deviations",0.0832371452981099,0.0612219917349848,0.106043073329871
"global",1972,"dry_deviations",0.0890642316244475,0.0644716236265449,0.103466460394632
"global",1973,"dry_deviations",0.0857057904559098,0.0656698461732835,0.104214536212074
"global",1974,"dry_deviations",0.0855756574775963,0.0634198577489623,0.103899822699467
"global",1975,"dry_deviations",0.0932477343939326,0.0779249641291343,0.116119783471872
"global",1976,"dry_deviations",0.0993502486487178,0.0810236265101686,0.124056446195141
"global",1977,"dry_deviations",0.0980129985105669,0.068133459072148,0.117011236935458
"global",1978,"dry_deviations",0.0919351032017622,0.0672541261049122,0.117647350840591
"global",1979,"dry_deviations",0.094183463414754,0.067888105085121,0.118501293384158
"global",1980,"dry_deviations",0.0926662978869965,0.0691458005107524,0.124226979493668
"global",1981,"dry_deviations",0.102081971442945,0.0709412552015062,0.117314806303484
"global",1982,"dry_deviations",0.105385997576799,0.0773003758133309,0.12587451028689
"global",1983,"dry_deviations",0.11360049438774,0.0794178032687641,0.142019311525968
"global",1984,"dry_deviations",0.106604531993524,0.0743883423112785,0.131796719578655
"global",1985,"dry_deviations",0.0995445416067629,0.075124929482192,0.119063340162563
"global",1986,"dry_deviations",0.0977011081778763,0.0771940792353444,0.120851032061454
"global",1987,"dry_deviations",0.0991215596782501,0.0720440815600938,0.118053843358351
"global",1988,"dry_deviations",0.0973017431872528,0.0725213822304534,0.1198378851425
"global",1989,"dry_deviations",0.104543247727458,0.0820748326759519,0.133519700994089
"global",1990,"dry_deviations",0.107331796197597,0.0776731500137021,0.145409741186276
"global",1991,"dry_deviations",0.0955085951844019,0.0717145730066059,0.142334853443261
"global",1992,"dry_deviations",0.0781634131853618,0.0642368159264015,0.132249198364506
"global",1993,"dry_deviations",0.0851806055178901,0.062329956526919,0.13750411177541
"global",1994,"dry_deviations",0.0765390011914439,0.0640331677885523,0.133715375003857
"global",1995,"dry_deviations",0.0781684432112901,0.0621504548032374,0.135395375562521
"global",1996,"dry_deviations",0.0886700650507506,0.0659298600728504,0.134739540970961
"global",1997,"dry_deviations",0.084222850929682,0.0641767613333143,0.142240434409745
"global",1998,"dry_deviations",0.0901473234668451,0.0650521529752955,0.147334219136824
"global",1999,"dry_deviations",0.0788310718113861,0.0616016900265117,0.144153291630104
"global",2000,"dry_deviations",0.0813823745228605,0.0656042007165292,0.149681924445412
"global",2001,"dry_deviations",0.104533592396806,0.073827876217123,0.147537511121547
"global",2002,"dry_deviations",0.105168710280992,0.0720442550138004,0.137855574469418
"global",2003,"dry_deviations",0.102745746818625,0.0682323625126363,0.132782589321023
"global",2004,"dry_deviations",0.110329321644115,0.0766288737927436,0.14280509161704
"global",2005,"dry_deviations",0.119014407653425,0.0814662996374982,0.151025814801521
